Ano;Compra;Gerenciadora;Participante;Cadastro;Início Adesão;Fim Adesão;Início RP;Fim RP;Tipo;Situação;Bem;Grupo;Classe;Item;Marca;Modelo;Total;Restante;Percentual;Preço Referencial;Preço Final;Qtd.CompraAta
2025;44597;FOB    ;FOB    ;07/05/2025 16:24;08/05/2025 14:40;12/05/2025 17:59;01/09/2025 00:00;31/08/2026 00:00;Setorizada;Vigente;6506445;ARTIGOS DE HIGIENE;ARTIGOS DE PAPEL PARA HIGIENE PESSOAL;GUARDANAPO DE PAPEL,MED(30 X 32)CM, FLS.SIMPLES,GOFRADO,BRANCO;Vitória; ;700,00;100,00;77,78;5,860;3,190;29;
2025;44597;FOB    ;FOB    ;07/05/2025 16:24;08/05/2025 14:40;12/05/2025 17:59;01/09/2025 00:00;31/08/2026 00:00;Setorizada;Vigente;7128363;EQUIPAMENTOS E MATERIAIS PARA LIMPEZA,.;UTENSILIOS DE LIMPEZA;ESPONJA PARA LIMPEZA DUPLA FACE,(110X75X20)MM,RETANG.VERDE/AMARELO;FUZUÊ; ;500,00;0,00;41,67;1,100;0,680;29;
2025;44597;FOB    ;FOB    ;07/05/2025 16:24;08/05/2025 14:40;12/05/2025 17:59;01/09/2025 00:00;31/08/2026 00:00;Setorizada;Vigente;7816421;EQUIPAMENTOS E MATERIAIS PARA LIMPEZA,.;COMPOSTOS E PREPARADOS PARA LIMPEZA E P.;detergente liquido,c/ glicerina,neutro,c/ bico dosador;Rende mais; ;500,00;0,00;52,63;2,150;1,480;29;
2025;44597;FOB    ;FOB    ;07/05/2025 16:24;08/05/2025 14:40;12/05/2025 17:59;01/09/2025 00:00;31/08/2026 00:00;Setorizada;Vigente;7839588;GENEROS ALIMENTICIOS;ACUCARES E ARTIGOS PARA CONFEITARIAS;acucar novo refinado;DA CANA; ;600,00;260,00;33,33;4,800;4,500;29;
2025;44597;FOB    ;FOB    ;07/05/2025 16:24;08/05/2025 14:40;12/05/2025 17:59;01/09/2025 00:00;31/08/2026 00:00;Setorizada;Vigente;7984065;RECIPIENTES E MATERIAIS PARA ACONDICION.;EMBALAGENS PARA ACONDICIONAMENTOS DE AL.;" COM LARGURA DE 45CM; COM ESPESSURA DE 11 MICRAS; O DIAMETRO DO TUBETE NAO PODE SER SUPERIOR A 45MM;";VABENE; ;100,00;0,00;100,00;9,470;4,800;29;
2025;44597;FOB    ;FOB    ;07/05/2025 16:24;08/05/2025 14:40;12/05/2025 17:59;01/09/2025 00:00;31/08/2026 00:00;Setorizada;Vigente;8056501;GENEROS ALIMENTICIOS;CAFES, CHAS, ACHOCOLATADOS E OUTRAS BEB.;" MATE SOLUVEL; COMPOSTO DE ERVA MATE TOSTADA, SOLUVEL; ISENTO DE SUJIDADES, FRAGMENTOS DE INSETOS E";PICOLO;250GR;400,00;0,00;76,92;9,940;3,480;29;
2025;44597;FOB    ;FOB    ;07/05/2025 16:24;08/05/2025 14:40;12/05/2025 17:59;01/09/2025 00:00;31/08/2026 00:00;Setorizada;Vigente;8087512;GENEROS ALIMENTICIOS;ALIMENTOS DIETETICOS E PARA DIETAS ESPE.;ADOCANTE DIETETICO LIQUIDO, SUCRALOSE, ACESULFAME DE POTASSIO;Zerocal; ;200,00;0,00;66,67;9,250;8,945;29;
2025;44597;FOB    ;FOB    ;07/05/2025 16:24;08/05/2025 14:40;12/05/2025 17:59;01/09/2025 00:00;31/08/2026 00:00;Setorizada;Vigente;8622400;EQUIPAMENTOS E UTENSILIOS PARA REFEITOR.;ARTIGOS PARA SERVICOS DE MESA;COPO DESCARTAVEL POLIPROPILENO,50ML,BRANCO,CD COPO 0,75G,EM MANGA; ALTACOPPO; ;400,00;0,00;66,67;4,990;2,320;29;
2025;44597;FOB    ;FOB    ;07/05/2025 16:24;08/05/2025 14:40;12/05/2025 17:59;01/09/2025 00:00;31/08/2026 00:00;Setorizada;Vigente;8622418;EQUIPAMENTOS E UTENSILIOS PARA REFEITOR.;ARTIGOS PARA SERVICOS DE MESA;COPO DESCARTAVEL POLIPROPILENO,200ML,BRANCO,CD COPO 1,80G,EM MANGA;KEROCOPO; ;1.200,00;700,00;72,73;6,190;3,400;29;
2025;44597;FOB    ;FOB    ;07/05/2025 16:24;08/05/2025 14:40;12/05/2025 17:59;01/09/2025 00:00;31/08/2026 00:00;Setorizada;Vigente;8652767;RECIPIENTES E MATERIAIS PARA ACONDICION.;EMBALAGENS PARA ACONDICIONAMENTOS DE AL.;FILME PARA ALIMENTOS, EM PLASTICO ADERENTE DE PVC;Dispafilm;45x600m;10,00;0,00;100,00;141,750;110,000;29;
2025;44597;FOB    ;FOB    ;07/05/2025 16:24;08/05/2025 14:40;12/05/2025 17:59;01/09/2025 00:00;31/08/2026 00:00;Setorizada;Vigente;9091998;GENEROS ALIMENTICIOS;CAFES, CHAS, ACHOCOLATADOS E OUTRAS BEB.;cafe especial superior, torrado, moido, embalagem a vacuo;AROMA DE OURO;SUPERIOR;1.500,00;500,00;42,25;33,360;22,990;29;
2025;44597;FOB    ;FOB    ;07/05/2025 16:24;08/05/2025 14:40;12/05/2025 17:59;01/09/2025 00:00;31/08/2026 00:00;Setorizada;Vigente;9933891;EQUIPAMENTOS E UTENSILIOS PARA REFEITOR.;RECIPIENTES E UTENSILIOS DE COZINHA;FILTRO DE PAPEL 103;KAVA;103;500,00;0,00;54,35;4,660;2,990;29;
2026;67394;FOB    ;FOB    ;15/05/2026 13:34; ; ;26/05/2026 00:00;26/05/2027 00:00;Setorizada;Vigente;6192890;EQUIPAMENTOS E ARTIGOS DE USO MEDICO, O.;MATERIAIS DE USO TECNICO HOSPITALAR COM.;LUVA CIRURGICA NUMERACAO 6,5 PUNHO DE 4 A 6 CM;MEDIX;MEDIX;2.000,00;0,00;57,14;3,290;1,290;5;
2026;67394;FOB    ;FOB    ;15/05/2026 13:34; ; ;26/05/2026 00:00;26/05/2027 00:00;Setorizada;Vigente;6192904;EQUIPAMENTOS E ARTIGOS DE USO MEDICO, O.;MATERIAIS DE USO TECNICO HOSPITALAR COM.;LUVA CIRURGICA NUMERACAO 7,0, PUNHO DE  4 A 6 CM;MEDIX;MEDIX;1.200,00;0,00;44,44;3,370;1,380;5;
2026;67394;FOB    ;FOB    ;15/05/2026 13:34; ; ;26/05/2026 00:00;26/05/2027 00:00;Setorizada;Vigente;6192920;EQUIPAMENTOS E ARTIGOS DE USO MEDICO, O.;MATERIAIS DE USO TECNICO HOSPITALAR COM.;LUVA CIRURGICA NUMERACAO 7,5, PUNHO DE 4 A 6 CM;MEDIX;MEDIX;1.000,00;0,00;40,00;3,900;1,290;5;
2026;67394;FOB    ;FOB    ;15/05/2026 13:34; ; ;26/05/2026 00:00;26/05/2027 00:00;Setorizada;Vigente;6192939;EQUIPAMENTOS E ARTIGOS DE USO MEDICO, O.;MATERIAIS DE USO TECNICO HOSPITALAR COM.;LUVA CIRURGICA NUMERACAO 8,0, PUNHO DE 4 A 6 CM;MEDIX;MEDIX;500,00;300,00;25,00;3,100;1,290;5;
2026;67394;FOB    ;FOB    ;15/05/2026 13:34; ; ;26/05/2026 00:00;26/05/2027 00:00;Setorizada;Vigente;8395535;EQUIPAMENTOS E ARTIGOS DE USO MEDICO, O.;MATERIAIS DE USO TECNICO HOSPITALAR COM.;COMPRESSA DE GAZE HIDROFILA,13 FIOS,7,5X7,5CM,NAO ESTERIL,PACOTE C/500;COTTON MAX;COTTON MAX;500,00;0,00;100,00;23,240;31,100;5;
2026;67394;FOB    ;FOB    ;15/05/2026 13:34; ; ;26/05/2026 00:00;26/05/2027 00:00;Setorizada;Vigente;8402558;EQUIPAMENTOS E ARTIGOS DE USO MEDICO, O.;MATERIAIS DE USO TECNICO HOSPITALAR COM.;COMPRESSA GAZE,13FIOS,7,5X7,5CM,ESTERIL,C/10UN.,P.G.C;ERIMAX MED;ERIMAX MED;8.000,00;0,00;100,00;1,500;0,910;5;
2026;67394;FOB    ;FOB    ;15/05/2026 13:34; ; ;26/05/2026 00:00;26/05/2027 00:00;Setorizada;Vigente;9652817;EQUIPAMENTOS E ARTIGOS DE USO MEDICO, O.;COMPONENTES PARA EQUIPAMENTOS MEDICO HO.;ELETRODO AG-AGCL INFANTIL, MONITOR NIVEL CONSCIENCIA, DIVERSAS MARCAS;MAXICOR;MAXICOR;100,00;90,00;100,00;42,250;17,820;5;
2026;67394;FOB    ;FOB    ;15/05/2026 13:34; ; ;26/05/2026 00:00;26/05/2027 00:00;Setorizada;Vigente;9704248;EQUIPAMENTOS E ARTIGOS DE USO MEDICO, O.;INSUMOS PARA EQUIPAMENTOS MEDICO HOSPIT.;ELETRODO DESCARTAVEL;MAXICOR;MAXICOR;7.500,00;2.500,00;100,00;0,800;0,324;5;
2026;67394;FOB    ;FOB    ;15/05/2026 13:34; ; ;26/05/2026 00:00;26/05/2027 00:00;Setorizada;Vigente;9707166;EQUIPAMENTOS E ARTIGOS DE USO MEDICO, O.;MATERIAIS DE USO TECNICO HOSPITALAR COM.;LUVA CIRURGICA EM LATEX NATURAL ISENTA DE PO NUMERACAO 6,0;MEDIX;MEDIX;500,00;500,00;25,00;2,630;1,290;5;
2025;156891;PUSP-B ;FOB    ;15/12/2025 14:32;09/02/2026 10:05;09/02/2026 10:07;25/05/2026 00:00;24/05/2027 00:00;Setorizada;Vigente;8675120;EQUIPAMENTOS PARA PURIFICACAO E FILTRAG.;EQUIPAMENTOS PARA PURIFICACAO DE AGUA;BEBEDOURO ELETRICO INDUSTRIAL,50L,ACO INOX 304;CANOVAS;RESIST 50;8,00;3,00;10,96;1866,400;1866,000;2;
2025;156891;PUSP-B ;FOB    ;15/12/2025 14:32;09/02/2026 10:05;09/02/2026 10:07;25/05/2026 00:00;24/05/2027 00:00;Setorizada;Vigente;8704783;EQUIPAMENTOS PARA PURIFICACAO E FILTRAG.;EQUIPAMENTOS PARA PURIFICACAO DE AGUA;BEBEDOURO ELETRICO,INDUSTRIAL,100 LITROS,03 TORNEIRAS;CANOVAS;RESIST 100;2,00;0,00;3,23;2037,800;2037,000;2;
2025;156891;PUSP-B ;FOB    ;15/12/2025 14:32;09/02/2026 10:05;09/02/2026 10:07;25/05/2026 00:00;24/05/2027 00:00;Setorizada;Vigente;9727094;EQUIPAMENTOS PARA PURIFICACAO E FILTRAG.;EQUIPAMENTOS PARA PURIFICACAO DE AGUA;BEBEDOURO ELETRICO,PRESSAO,SENSOR INFRAVERMELHO,(50X46X49)CM,2 TORNEIR;CANOVAS;LIFE 200;15,00;8,00;8,72;3975,340;3175,000;2;
2026;74447;FOB    ;FOB    ;29/05/2026 09:24; ; ;01/06/2026 00:00;01/06/2027 00:00;Setorizada;Vigente;8366632;ARTIGOS DE HIGIENE;ARTIGOS DE PAPEL PARA HIGIENE PESSOAL;PAPEL HIGIÊNICO-FOLHA DUPLA; BOB/CVG; BOB/CVG;1.500,00;1.500,00;95,91;8,350;3,590;0;
2026;74447;FOB    ;FOB    ;29/05/2026 09:24; ; ;01/06/2026 00:00;01/06/2027 00:00;Setorizada;Vigente;9639594;ARTIGOS DE HIGIENE;ARTIGOS DE PAPEL PARA HIGIENE PESSOAL;papel higienico p/dispenser de 1ªqualidade,folha dupla , 10 cm x 250m; DADU; DADU;600,00;600,00;70,59;109,000;66,100;0;
2026;39234;PUSP-B ;FOB    ;24/03/2026 08:57;31/03/2026 08:02;10/04/2026 23:59;15/06/2026 00:00;14/06/2027 00:00;Setorizada;Vigente;8133921;SERVICOS DE INSTALACOES/MONTAGENS;SERVICOS DE DESINSTALACOES DE EQUIPAMEN.;APARELHO DE AR CONDICIONADO; ; ;65,00;65,00;85,53;758,330;400,000;0;
2026;39234;PUSP-B ;FOB    ;24/03/2026 08:57;31/03/2026 08:02;10/04/2026 23:59;15/06/2026 00:00;14/06/2027 00:00;Setorizada;Vigente;8509824;SERVICOS DE INSTALACOES/MONTAGENS;SERVICOS DE DESINSTALACOES DE EQUIPAMEN.;DESINSTALACAO E INSTALACAO DE APARELHO DE AR CONDICIONADO; ; ;65,00;65,00;82,28;1545,830;1100,000;0;
2026;39234;PUSP-B ;FOB    ;24/03/2026 08:57;31/03/2026 08:02;10/04/2026 23:59;15/06/2026 00:00;14/06/2027 00:00;Setorizada;Vigente;8821976;SERVICOS DE INSTALACOES/MONTAGENS;SERVICOS DE INSTALACOES/MONTAGENS DE ES.;ESTRUTURA PARA FIXACAO DE TUBULACAO (DUTOS); ; ;200,00;200,00;75,47;30,150;20,000;0;
2026;39234;PUSP-B ;FOB    ;24/03/2026 08:57;31/03/2026 08:02;10/04/2026 23:59;15/06/2026 00:00;14/06/2027 00:00;Setorizada;Vigente;8914257;SERVICOS DE INSTALACOES/MONTAGENS;SERVICOS DE INSTALACOES/MONTAGENS DE E2.;CONDICIONADOR DE AR 18000 BTU'S COM INSTALACAO DE INFRAESTRUTURA ELETRICA; ; ;35,00;35,00;52,24;992,380;880,000;0;
2026;39234;PUSP-B ;FOB    ;24/03/2026 08:57;31/03/2026 08:02;10/04/2026 23:59;15/06/2026 00:00;14/06/2027 00:00;Setorizada;Vigente;9081887;SERVICOS DE INSTALACOES/MONTAGENS;SERVICOS DE INSTALACOES/MONTAGENS DE E2.;SERV.DE INSTALACAO/MONTAGEM EQUIP.CONDICIONADOR DE AR, CONDICINADOR DE AR DE 12000 BTU'S COM INSTALA; ; ;35,00;35,00;53,85;912,090;800,000;0;
2026;39234;PUSP-B ;FOB    ;24/03/2026 08:57;31/03/2026 08:02;10/04/2026 23:59;15/06/2026 00:00;14/06/2027 00:00;Setorizada;Vigente;9184988;SERVICOS DE INSTALACOES/MONTAGENS;SERVICOS DE INSTALACOES/MONTAGENS DE ES.;SERVICO DE INSTALACAO/MONTAGEM DE ESTRUTURAS-INSTALACAO DE CABO DE COBRE MULTIVIAS PARA CONDICIONADO; ; ;200,00;200,00;75,47;23,710;15,000;0;
2026;39234;PUSP-B ;FOB    ;24/03/2026 08:57;31/03/2026 08:02;10/04/2026 23:59;15/06/2026 00:00;14/06/2027 00:00;Setorizada;Vigente;9442898;SERVICOS DE INSTALACOES/MONTAGENS;SERVICOS DE INSTALACOES/MONTAGENS DE E2.;SERV.INSTALACAO/MONTAGEM EQUIP.CONDIC.DE AR-CONDICIONADOR DE AR 24000 BTU'S C/INSTALACAO DE INFRAEST; ; ;10,00;10,00;55,56;1134,350;1000,000;0;
2026;39234;PUSP-B ;FOB    ;24/03/2026 08:57;31/03/2026 08:02;10/04/2026 23:59;15/06/2026 00:00;14/06/2027 00:00;Setorizada;Vigente;10017763;SERVICOS DE INSTALACOES/MONTAGENS;SERVICOS DE INSTALACOES/MONTAGENS DE ES.;SERVICO DE INSTALACAO/MONTAGEM DE ESTRUTURAS - INFRAESTRUTURA DE REDE FRIGORIGENA; ; ;200,00;200,00;75,47;265,850;150,000;0;
2026;39234;PUSP-B ;FOB    ;24/03/2026 08:57;31/03/2026 08:02;10/04/2026 23:59;15/06/2026 00:00;14/06/2027 00:00;Setorizada;Vigente;10211870;SERVICOS DE INSTALACOES/MONTAGENS;SERVICOS DE DESINSTALACOES DE EQUIPAMEN.;APARELHO DE AR CONDICIONADO; ; ;80,00;80,00;51,61;397,440;200,000;0;
2026;32027;FOB    ;FOB    ;11/03/2026 17:29; ; ;16/06/2026 00:00;15/06/2027 00:00;Individual;Vigente;6850316;INSTRUMENTOS E EQUIPAMENTOS DE CONTROLE.;GASES COMPRIMIDOS E LIQUEFEITOS INDUSTR.;NITROGENIO LIQUIDO 99.995%;Nitrovalle; ;8.400,00;6.642,00;100,00;14,420;13,900;2;
2025;2070;RUSP-AC;FOB    ;15/01/2025 11:13;06/02/2025 12:30;06/02/2025 12:35;15/09/2025 00:00;14/09/2026 00:00;Setorizada;Vigente;8366632;ARTIGOS DE HIGIENE;ARTIGOS DE PAPEL PARA HIGIENE PESSOAL;PAPEL HIGIÊNICO-FOLHA DUPLA; Dama Profissional; ;1.500,00;750,00;1,18;8,030;3,790;1;
2025;2070;RUSP-AC;FOB    ;15/01/2025 11:13;06/02/2025 12:30;06/02/2025 12:35;15/09/2025 00:00;14/09/2026 00:00;Setorizada;Vigente;9639594;ARTIGOS DE HIGIENE;ARTIGOS DE PAPEL PARA HIGIENE PESSOAL;papel higienico p/dispenser de 1ªqualidade,folha dupla , 10 cm x 250m; Licita Paper; ;500,00;500,00;1,99;153,620;100,700;1;
2025;41210;IF     ;FOB    ;28/04/2025 16:05;06/05/2025 13:17;14/05/2025 23:59;14/10/2025 00:00;13/10/2026 00:00;Setorizada;Vigente;9333835;EQUIPAMENTOS E COMPONENTES PARA EMISSOR.;EQUIPAMENTOS DE CAPTACAO E GRAVACAO DE.;MICROFONE DE LAPELA,DUPLO DIAFRAGMA;Shure;CVL-B/C-TQG + Acessórios;3,00;3,00;8,57;693,613;419,000;0;
2025;41210;IF     ;FOB    ;28/04/2025 16:05;06/05/2025 13:17;14/05/2025 23:59;14/10/2025 00:00;13/10/2026 00:00;Setorizada;Vigente;9333894;EQUIPAMENTOS E COMPONENTES PARA EMISSOR.;EQUIPAMENTOS DE CAPTACAO E GRAVACAO DE.;sistema de microfone sem fio;Shure;ULXD2/SM58-J50 +  SB900B + ArteCubo  / C;10,00;10,00;12,66;14004,473;8359,000;0;
2025;41210;IF     ;FOB    ;28/04/2025 16:05;06/05/2025 13:17;14/05/2025 23:59;14/10/2025 00:00;13/10/2026 00:00;Setorizada;Vigente;9648364;EQUIPAMENTOS E COMPONENTES PARA EMISSOR.;EQUIPAMENTOS DE CAPTACAO E GRAVACAO DE.;TRANSMISSOR SEM FIO SISTEMA MICROFONE SEM FIO;Shure;ULXD1-J50  + SB900B +  Acessórios;10,00;10,00;14,71;9191,080;5802,000;0;
2025;41210;IF     ;FOB    ;28/04/2025 16:05;06/05/2025 13:17;14/05/2025 23:59;14/10/2025 00:00;13/10/2026 00:00;Setorizada;Vigente;9836535;EQUIPAMENTOS E COMPONENTES PARA EMISSOR.;EQUIPAMENTOS DE CAPTACAO E GRAVACAO DE.;MICROFONE HEADSET SEM FIO;Shure;PGA31- TQG + Acessórios;1,00;1,00;2,22;741,977;410,000;0;
2025;130850;FOB    ;FOB    ;15/10/2025 14:16; ; ;31/10/2025 00:00;31/10/2026 00:00;Individual;Vigente;8598967;EQUIPAMENTOS E ARTIGOS DE USO MEDICO, O.;ORTESES, PROTESES E MATERIAIS AUXILIARE.;protese auditiva; OTICON; XCEED PLAY 2, BTE SP;20,00;0,00;100,00;1100,000;1100,000;3;
2025;130850;FOB    ;FOB    ;15/10/2025 14:16; ; ;31/10/2025 00:00;31/10/2026 00:00;Individual;Vigente;8600139;EQUIPAMENTOS E ARTIGOS DE USO MEDICO, O.;ORTESES, PROTESES E MATERIAIS AUXILIARE.;protese auditiva; OTICON;OTICON XCEED PLAY 2 BTE UP;6,00;0,00;100,00;1100,000;1100,000;3;
2025;130850;FOB    ;FOB    ;15/10/2025 14:16; ; ;31/10/2025 00:00;31/10/2026 00:00;Individual;Vigente;8643105;EQUIPAMENTOS E ARTIGOS DE USO MEDICO, O.;ORTESES, PROTESES E MATERIAIS AUXILIARE.;PROTESE AUDITIVA; OTICON; OTICON OPN PLAY 2 BTE PP;34,00;0,00;100,00;1100,000;1100,000;3;
2025;130850;FOB    ;FOB    ;15/10/2025 14:16; ; ;31/10/2025 00:00;31/10/2026 00:00;Individual;Vigente;9888152;EQUIPAMENTOS E ARTIGOS DE USO MEDICO, O.;ORTESES, PROTESES E MATERIAIS AUXILIARE.;SISTEMA DE FM PARA DEFICIENCIA AUDITIVA PORTATIL; OTICON; EDUMIC;30,00;0,00;100,00;4500,000;4500,000;3;
2025;101388;FOB    ;FOB    ;28/08/2025 08:05; ; ;17/10/2025 00:00;16/10/2026 00:00;Individual;Vigente;8115397;SERVICOS ESPECIALIZADOS;SERVICOS ESPECIALIZADOS EM PRODUCAO GRA.;PASTA PARA PRONTUARIO MEDICO, PERSONALIZADA;Celco; ;1.500,00;0,00;100,00;22,350;21,000;2;
2025;110557;FOB    ;FOB    ;11/09/2025 15:35; ; ;20/10/2025 00:00;19/10/2026 00:00;Individual;Vigente;8359024;EQUIPAMENTOS E ARTIGOS DE USO MEDICO, O.;INSUMOS DE USO ODONTOLOGICO COM NOTIFIC.;ANESTESICO LOCAL INJETAVEL,MEPIVACAINA 2% C/EPINEFRINA 1:100000,TUBET; DFL;Mepiadre;280,00;170,00;100,00;230,500;150,500;6;
2025;110557;FOB    ;FOB    ;11/09/2025 15:35; ; ;20/10/2025 00:00;19/10/2026 00:00;Individual;Vigente;8721971;EQUIPAMENTOS E ARTIGOS DE USO MEDICO, O.;INSUMOS DE USO ODONTOLOGICO COM NOTIFIC.;ANESTESICO LOCAL INJETAVEL,MEPIVACAINA 3% S/VASOCONSTR.,TUBETE 1,8ML; DFL;Mepisv;50,00;22,00;100,00;217,000;149,000;6;
2025;110557;FOB    ;FOB    ;11/09/2025 15:35; ; ;20/10/2025 00:00;19/10/2026 00:00;Individual;Vigente;8776652;EQUIPAMENTOS E ARTIGOS DE USO MEDICO, O.;INSUMOS DE USO ODONTOLOGICO COM NOTIFIC.;anest.local injet.,articaina c/epinefrina 1:100.000,tub.cristal 1,8ml; DFL;Articaine 100;330,00;53,00;100,00;225,000;167,000;6;
2025;110557;FOB    ;FOB    ;11/09/2025 15:35; ; ;20/10/2025 00:00;19/10/2026 00:00;Individual;Vigente;8829004;EQUIPAMENTOS E ARTIGOS DE USO MEDICO, O.;INSUMOS DE USO ODONTOLOGICO COM NOTIFIC.;ANESTESICO TOPICO GEL,BENZOCAINA A 20%;DFL;Benzotop;130,00;15,00;100,00;19,980;7,450;6;
2025;134170;FOB    ;FOB    ;20/10/2025 10:30; ; ;31/10/2025 00:00;31/10/2026 00:00;Individual;Vigente;5978742;EQUIPAMENTOS E ARTIGOS DE USO MEDICO, O.;MATERIAIS DE USO TECNICO HOSPITALAR COM.;FITA TESTE P/TESTE DESAFIO PCD, COM INDICADOR BIOLOGICO,INTEGRADOR CL5;Terragene bionova; ;250,00;250,00;100,00;59,240;48,900;2;
2025;134170;FOB    ;FOB    ;20/10/2025 10:30; ; ;31/10/2025 00:00;31/10/2026 00:00;Individual;Vigente;7998589;EQUIPAMENTOS E ARTIGOS DE USO MEDICO, O.;MATERIAIS DE USO TECNICO HOSPITALAR COM.;fita teste, para autoclave a vapor saturado (tipo bowie dick);Dtech LTDA; ;900,00;900,00;100,00;8,436;5,700;2;
2025;134170;FOB    ;FOB    ;20/10/2025 10:30; ; ;31/10/2025 00:00;31/10/2026 00:00;Individual;Vigente;8788316;EQUIPAMENTOS E ARTIGOS DE USO MEDICO, O.;MATERIAIS DE USO TECNICO HOSPITALAR COM.;etiqueta para uso medico hospitalar tipo em celulose, com dupla camada;TSI;TSI-2928F;100.000,00;50.000,00;100,00;0,412;0,150;2;
2025;134170;FOB    ;FOB    ;20/10/2025 10:30; ; ;31/10/2025 00:00;31/10/2026 00:00;Individual;Vigente;9880194;EQUIPAMENTOS E ARTIGOS DE USO MEDICO, O.;MATERIAIS DE USO TECNICO HOSPITALAR COM.;FITA TESTE P/LIBERACAO DE CARGA C/INTEGRADOR CLASSE 5;Monitore;IQ5;1.000,00;0,00;100,00;59,727;7,760;2;
2025;51569;IF     ;FOB    ;21/05/2025 12:27;22/05/2025 16:49;30/05/2025 23:59;04/11/2025 00:00;03/11/2026 00:00;Setorizada;Vigente;8093733;INFORMATICA;PECAS E ACESSORIOS PARA COMPUTADORES;FONTE DE ALIMENTACAO P/ MICROCOMPUTADOR, 550W, ATX 12V V2.2; AEROCOOL;AEROCOOL KCAS 600W  80 PLUS COM CABO  TR;10,00;5,00;2,51;398,077;302,560;2;
2025;51569;IF     ;FOB    ;21/05/2025 12:27;22/05/2025 16:49;30/05/2025 23:59;04/11/2025 00:00;03/11/2026 00:00;Setorizada;Vigente;8201099;INFORMATICA;PECAS E ACESSORIOS PARA COMPUTADORES;MOUSE OPTICO 2 BOTOES COM SCROLL, NA COR PRETA, 1000 DPI, USB;LOGITECH; MOUSE USB LOGITECH  1000DPI M90;100,00;100,00;5,49;46,903;35,220;2;
2025;51569;IF     ;FOB    ;21/05/2025 12:27;22/05/2025 16:49;30/05/2025 23:59;04/11/2025 00:00;03/11/2026 00:00;Setorizada;Vigente;8201129;INFORMATICA;PECAS E ACESSORIOS PARA COMPUTADORES;TECLADO PARA MICROCOMPUTADOR ABNT2,  107 TECLAS,  NA COR PRETA; LOGITECH; TECLADO LOGITECH  DESKTOP K120 USB;100,00;100,00;6,84;87,803;70,450;2;
2025;51569;IF     ;FOB    ;21/05/2025 12:27;22/05/2025 16:49;30/05/2025 23:59;04/11/2025 00:00;03/11/2026 00:00;Setorizada;Vigente;8343756;INFORMATICA;EQUIPAMENTOS DE ESTABILIZACAO E PROTECA.;FILTRO DE LINHA, 06 TOMADAS, 1500VAC, CABO DE 3,00 M; DXR;DXR FILTRO DE LINHA PROTETOR ELETRÔNICO;100,00;80,00;6,57;34,847;30,840;2;
2025;51569;IF     ;FOB    ;21/05/2025 12:27;22/05/2025 16:49;30/05/2025 23:59;04/11/2025 00:00;03/11/2026 00:00;Setorizada;Vigente;8367256;INFORMATICA;PECAS E ACESSORIOS PARA COMPUTADORES;"SSD 2.5"" SATA 6GB/S, DE 480 GB"; ALLTEK; ALLTEK 2.5 SATA III 6  GBS - ATKSSDS 51;60,00;30,00;6,49;356,117;250,000;2;
2025;51569;IF     ;FOB    ;21/05/2025 12:27;22/05/2025 16:49;30/05/2025 23:59;04/11/2025 00:00;03/11/2026 00:00;Setorizada;Vigente;8487456;INFORMATICA;PECAS E ACESSORIOS PARA COMPUTADORES;DISCO RIGIDO PADRAO SSD, 01 TB;ALLTEK; ALLTEK SATA III 6 GBS,  2.5 - ATKSSDS 1;30,00;15,00;5,28;890,443;683,000;2;
2025;51569;IF     ;FOB    ;21/05/2025 12:27;22/05/2025 16:49;30/05/2025 23:59;04/11/2025 00:00;03/11/2026 00:00;Setorizada;Vigente;8565414;INFORMATICA;PECAS E ACESSORIOS PARA COMPUTADORES;PLACA DE REDE WIRELESS, BARRAMENTO PCI-EXPRESS, 2.4GHZ/ 5GHZ;TP-LINK; ADAPTADOR TP LINK PCI  EX WIRELESS 6 AX;10,00;5,00;4,46;445,777;261,600;2;
2025;51569;IF     ;FOB    ;21/05/2025 12:27;22/05/2025 16:49;30/05/2025 23:59;04/11/2025 00:00;03/11/2026 00:00;Setorizada;Vigente;8579857;INFORMATICA;EQUIPAMENTOS DE ENTRADA DE DADOS;WEBCAM VIDEOCHAMADA FULL HD DE 1080P, VIDEOCHAMADA HD DE 720P; LOGITECH; WEBCAM LOGITECH  C925E FULL HD PRETA  9;20,00;10,00;2,42;623,723;623,720;2;
2025;51569;IF     ;FOB    ;21/05/2025 12:27;22/05/2025 16:49;30/05/2025 23:59;04/11/2025 00:00;03/11/2026 00:00;Setorizada;Vigente;8785830;INFORMATICA;PECAS E ACESSORIOS PARA COMPUTADORES;ADAPTADOR DE CONECTOR;TP-LINK;ADAPTADOR WIRELESS  TP-LINK ARCHER TX20U;10,00;5,00;2,82;237,330;195,600;2;
2025;51569;IF     ;FOB    ;21/05/2025 12:27;22/05/2025 16:49;30/05/2025 23:59;04/11/2025 00:00;03/11/2026 00:00;Setorizada;Vigente;9266712;EQUIPAMENTOS FOTOGRAFICOS, FILMOGRAFICO.;ACESSORIOS DE EQUIPAMENTOS DE PROJECAO;CABO HDMI 2.0,5M,ULTRA HD 4K @ 60HZ; AQUARIO; AQUARIO CABO HDMI 2.0  4K DE 5 METROS;20,00;20,00;2,65;55,267;29,880;2;
2025;51569;IF     ;FOB    ;21/05/2025 12:27;22/05/2025 16:49;30/05/2025 23:59;04/11/2025 00:00;03/11/2026 00:00;Setorizada;Vigente;9779523;EQUIPAMENTOS E COMPONENTES PARA EMISSOR.;EQUIPAMENTOS DE CAPTACAO E GRAVACAO DE.;FONE COM MICROFONE TIPO TIARA HEADSET 25W; LOGITECH; HEADSET LOGITECH  ZONE VIBE 100  BLUETO;20,00;5,00;3,28;677,863;677,860;2;
2025;51569;IF     ;FOB    ;21/05/2025 12:27;22/05/2025 16:49;30/05/2025 23:59;04/11/2025 00:00;03/11/2026 00:00;Setorizada;Vigente;9870547;INFORMATICA;PECAS E ACESSORIOS PARA COMPUTADORES;APRESENTADOR WIRELESS; LOGITECH; LOGITECH  APRESENTADOR SEM  FIO BT SPOT;10,00;5,00;2,65;585,967;585,960;2;
2026;1296;FOB    ;FOB    ;09/01/2026 09:32; ; ;15/01/2026 00:00;15/01/2027 00:00;Individual;Vigente;8643121;EQUIPAMENTOS E ARTIGOS DE USO MEDICO, O.;ORTESES, PROTESES E MATERIAIS AUXILIARE.;PROTESE AUDITIVA; OTICON;258486 OTICON REAL 3 MINIBTE T C090;230,00;180,00;100,00;1100,000;850,000;3;
2026;1296;FOB    ;FOB    ;09/01/2026 09:32; ; ;15/01/2026 00:00;15/01/2027 00:00;Individual;Vigente;9327371;EQUIPAMENTOS E ARTIGOS DE USO MEDICO, O.;ORTESES, PROTESES E MATERIAIS AUXILIARE.;PROTESE AUDITIVA;RESOUND;RE 761 DRW;250,00;180,00;100,00;1100,000;680,000;3;
2026;1296;FOB    ;FOB    ;09/01/2026 09:32; ; ;15/01/2026 00:00;15/01/2027 00:00;Individual;Vigente;9884955;EQUIPAMENTOS E ARTIGOS DE USO MEDICO, O.;ORTESES, PROTESES E MATERIAIS AUXILIARE.;APARELHO AUDITIVO 100 A 6300HZ;Oticon;246563 - 246565 - OWN 5, KIT 312 2.4G NF;110,00;0,00;100,00;1100,000;850,000;3;
2025;142670;FOB    ;FOB    ;04/11/2025 09:19; ; ;23/01/2026 00:00;22/01/2027 00:00;Individual;Vigente;9563091;EQUIPAMENTOS E ARTIGOS DE USO MEDICO, O.;ORTESES, PROTESES E MATERIAIS AUXILIARE.;PROTESE AUDITIVA; NUEAR;SAVANT AI 1600 RIC / SAVANT AI CROS RIC;90,00;55,00;100,00;2200,000;1465,000;2;
2025;95698;FOB    ;FOB    ;18/08/2025 14:37;22/09/2025 15:57;23/09/2025 23:59;02/02/2026 00:00;01/02/2027 00:00;Setorizada;Vigente;6871011;EQUIPAMENTOS FOTOGRAFICOS, FILMOGRAFICO.;ACESSORIOS DE EQUIPAMENTOS DE PROJECAO;CABO HDMI 1,5 METROS TERMINAL HDMI MACHO NAS 2 PONTAS; Aquario; 1,5Mt;20,00;20,00;62,50;33,220;33,000;12;
2025;95698;FOB    ;FOB    ;18/08/2025 14:37;22/09/2025 15:57;23/09/2025 23:59;02/02/2026 00:00;01/02/2027 00:00;Setorizada;Vigente;7295707;INFORMATICA;EQUIPAMENTOS DE ESTABILIZACAO E PROTECA.;NO-BREAK TECNOLOGIA ON-LINE, 3200VA, BIVOLT AUTOMATICO; SMS; Nobreak Power Sinus Senoidal 3200VA Bi-;10,00;6,00;100,00;7350,000;5600,000;12;
2025;95698;FOB    ;FOB    ;18/08/2025 14:37;22/09/2025 15:57;23/09/2025 23:59;02/02/2026 00:00;01/02/2027 00:00;Setorizada;Vigente;7307039;INFORMATICA;PECAS E ACESSORIOS PARA COMPUTADORES;DISCO RIGIDO, USB 3.0, EXTERNO, 04 TB, 7.200 RPM;Toshiba; HDTB540XK3CA (linha Canvio 4TB);20,00;11,00;74,07;973,280;698,000;12;
2025;95698;FOB    ;FOB    ;18/08/2025 14:37;22/09/2025 15:57;23/09/2025 23:59;02/02/2026 00:00;01/02/2027 00:00;Setorizada;Vigente;8511756;INFORMATICA;EQUIPAMENTOS DE ESTABILIZACAO E PROTECA.;NO-BREAK, MICROPROCESSADO, UPS, 3 KVA; SMS; Nobreak Premium Sen Rack 3000VA B- 91.C;10,00;8,00;100,00;7210,470;7210,000;12;
2025;95698;FOB    ;FOB    ;18/08/2025 14:37;22/09/2025 15:57;23/09/2025 23:59;02/02/2026 00:00;01/02/2027 00:00;Setorizada;Vigente;9166505;INFORMATICA;PECAS E ACESSORIOS PARA IMPRESSORAS;DISPLAYPORT MACHO/MACHO 2.00 M; Exbom; 2MT;20,00;20,00;66,67;61,250;61,000;12;
2025;95698;FOB    ;FOB    ;18/08/2025 14:37;22/09/2025 15:57;23/09/2025 23:59;02/02/2026 00:00;01/02/2027 00:00;Setorizada;Vigente;9227768;INFORMATICA;EQUIPAMENTOS DE ESTABILIZACAO E PROTECA.;NO-BREAK, ON-LINE, 1500 VA; SMS; NOBREAK SMS PRO | 1500BI/BI WIFI - CÓD;30,00;21,00;90,91;2700,000;1800,000;12;
2025;95698;FOB    ;FOB    ;18/08/2025 14:37;22/09/2025 15:57;23/09/2025 23:59;02/02/2026 00:00;01/02/2027 00:00;Setorizada;Vigente;9580930;INFORMATICA;PECAS E ACESSORIOS PARA COMPUTADORES;DISCO SOLIDO, SSD M.2 2280 PARA PCI-E GEN 3.0 X 4 NVME 1.3, 512 GB;XPG; AGAMMIXS70B-512G-CS (linha S70 Blade 51;30,00;21,00;88,24;568,340;370,000;12;
2025;95698;FOB    ;FOB    ;18/08/2025 14:37;22/09/2025 15:57;23/09/2025 23:59;02/02/2026 00:00;01/02/2027 00:00;Setorizada;Vigente;9594744;INFORMATICA;PECAS E ACESSORIOS PARA COMPUTADORES;CAIXA DE SOM PARA COMPUTADOR USB 5V 2X3W;Multilaser; SP009;30,00;30,00;85,71;113,810;113,000;12;
2025;95698;FOB    ;FOB    ;18/08/2025 14:37;22/09/2025 15:57;23/09/2025 23:59;02/02/2026 00:00;01/02/2027 00:00;Setorizada;Vigente;9702717;INFORMATICA;PECAS E ACESSORIOS PARA COMPUTADORES;FONTE ALIMENTACAO P/MICROCOMPUTADOR LENOVO, V530S 180W P/N SP50H29568; Lenovo; V350S;25,00;22,00;100,00;182,530;182,000;12;
2025;95698;FOB    ;FOB    ;18/08/2025 14:37;22/09/2025 15:57;23/09/2025 23:59;02/02/2026 00:00;01/02/2027 00:00;Setorizada;Vigente;9983481;INFORMATICA;PECAS E ACESSORIOS PARA COMPUTADORES;DISCO RIGIDO SATA DE 06 GB/S, TECNOLOGIA NAS, 12 TB; Seagate; ST16000NT001;10,00;5,00;71,43;4820,000;2100,000;12;
2025;55688;RUSP   ;FOB    ;29/05/2025 14:29;30/07/2025 09:20;30/07/2025 10:51;10/02/2026 00:00;09/02/2027 00:00;Setorizada;Vigente;9231080;MOBILIARIOS EM GERAL;MOBILIARIOS DE HOTELARIA E ALOJAMENTOS;CADEIRA,MULTIUSO,EMPILHAVEL,TELA/POLIURETANO,04 PATAS COM RODIZIO; RICCÓ; TEKION MT;60,00;20,00;2,76;1266,490;1249,000;19;
2025;55688;RUSP   ;FOB    ;29/05/2025 14:29;30/07/2025 09:20;30/07/2025 10:51;10/02/2026 00:00;09/02/2027 00:00;Setorizada;Vigente;10210610;MOBILIARIOS EM GERAL;MOBILIARIOS DE ESCRITORIO;cadeira giratória, estofada, espaldar médio, encosto em tela, com apoio para lombar, com braços; FK GRUPO S/A; KAGI - Giratória Operacional tipo B, se;50,00;40,00;1,56;1470,930;880,000;19;
2025;55688;RUSP   ;FOB    ;29/05/2025 14:29;30/07/2025 09:20;30/07/2025 10:51;10/02/2026 00:00;09/02/2027 00:00;Setorizada;Vigente;10210628;MOBILIARIOS EM GERAL;MOBILIARIOS DE ESCRITORIO;cadeira giratória, estofada, espaldar alto e encosto de cabeça, encosto em tela, com braços; FK GRUPO S/A; KAGI - Giratória operacional tipo B, co;20,00;9,00;1,39;2198,790;1050,000;19;
2025;55688;RUSP   ;FOB    ;29/05/2025 14:29;30/07/2025 09:20;30/07/2025 10:51;10/02/2026 00:00;09/02/2027 00:00;Setorizada;Vigente;10210636;MOBILIARIOS EM GERAL;MOBILIARIOS DE ESCRITORIO;cadeira giratória, para obesos, estofada, espaldar médio, com braços; RICCÓ; TASK;5,00;5,00;1,28;2827,270;1190,000;19;
2025;55688;RUSP   ;FOB    ;29/05/2025 14:29;30/07/2025 09:20;30/07/2025 10:51;10/02/2026 00:00;09/02/2027 00:00;Setorizada;Vigente;10210644;MOBILIARIOS EM GERAL;MOBILIARIOS DE ESCRITORIO;cadeira giratória, estofada, espaldar médio, encosto em tela, com braços;FK GRUPO S/A; KADD - Giratória tela alta operacional;50,00;19,00;8,90;1469,680;820,000;19;
2025;55688;RUSP   ;FOB    ;29/05/2025 14:29;30/07/2025 09:20;30/07/2025 10:51;10/02/2026 00:00;09/02/2027 00:00;Setorizada;Vigente;10210652;MOBILIARIOS EM GERAL;MOBILIARIOS DE ESCRITORIO;cadeira giratória, estofada, espaldar médio, encosto em tela, sem braços; FK GRUPO S/A; KADD - Giratória tela alta operacional;50,00;0,00;5,04;1297,230;750,000;19;
2025;155623;FOB    ;FOB    ;01/12/2025 07:49;08/01/2026 11:06;09/01/2026 16:12;03/03/2026 00:00;02/03/2027 00:00;Setorizada;Vigente;7097867;MOBILIARIOS EM GERAL;MOBILIARIOS DE ESCRITORIO;ARMARIO DE ACO, COM 2 PORTAS;Marzo Vitorino;Euro;3,00;3,00;100,00;2850,000;2025,000;25;
2025;155623;FOB    ;FOB    ;01/12/2025 07:49;08/01/2026 11:06;09/01/2026 16:12;03/03/2026 00:00;02/03/2027 00:00;Setorizada;Vigente;7823215;MOBILIARIOS EM GERAL;MOBILIARIOS DE ESCRITORIO;MESA AUXILIAR PARA ESCRITORIO,MDF,CINZA,RETANGULAR,(1000X600)MM;Marco Vitorino;Romanza Plus;5,00;0,00;21,74;821,500;550,000;25;
2025;155623;FOB    ;FOB    ;01/12/2025 07:49;08/01/2026 11:06;09/01/2026 16:12;03/03/2026 00:00;02/03/2027 00:00;Setorizada;Vigente;8554838;MOBILIARIOS EM GERAL;MOBILIARIOS DE ESCRITORIO;MESA DE REUNIAO,MADEIRA DEMOLICAO,(3500X1200)MM;Marzo Vitorino;Romanza Plus;5,00;4,00;100,00;2639,680;2369,000;25;
2025;155623;FOB    ;FOB    ;01/12/2025 07:49;08/01/2026 11:06;09/01/2026 16:12;03/03/2026 00:00;02/03/2027 00:00;Setorizada;Vigente;8660476;MOBILIARIOS EM GERAL;MOBILIARIOS DE ESCRITORIO;MESA DE REUNIAO,MDF,CINZA CRISTAL,SEMI-OVAL,(2000X1200)MM;Marzo Vitorino;Romanza Plus;5,00;3,00;83,33;4555,000;1700,000;25;
2025;155623;FOB    ;FOB    ;01/12/2025 07:49;08/01/2026 11:06;09/01/2026 16:12;03/03/2026 00:00;02/03/2027 00:00;Setorizada;Vigente;8686823;MOBILIARIOS EM GERAL;MOBILIARIOS DE ESCRITORIO;MESA DE REUNIAO, COR CARVALHO PRATA;marzo Vitorino;Romanza Plus;5,00;4,00;83,33;1500,000;1305,000;25;
2025;155623;FOB    ;FOB    ;01/12/2025 07:49;08/01/2026 11:06;09/01/2026 16:12;03/03/2026 00:00;02/03/2027 00:00;Setorizada;Vigente;8742871;MOBILIARIOS EM GERAL;MOBILIARIOS DE ESCRITORIO;GAVETEIRO P/ESCRITORIO,MDF,PRETO,FIXO,02 GAVETAS;Marzo Vitorino;Romanza Plus;10,00;10,00;76,92;590,000;385,000;25;
2025;155623;FOB    ;FOB    ;01/12/2025 07:49;08/01/2026 11:06;09/01/2026 16:12;03/03/2026 00:00;02/03/2027 00:00;Setorizada;Vigente;8758476;MOBILIARIOS EM GERAL;MOBILIARIOS DE HOTELARIA E ALOJAMENTOS;PUFF,QUADRADO,VERDE CLARO;BL;Bali;20,00;0,00;100,00;941,000;387,840;25;
2025;155623;FOB    ;FOB    ;01/12/2025 07:49;08/01/2026 11:06;09/01/2026 16:12;03/03/2026 00:00;02/03/2027 00:00;Setorizada;Vigente;8758484;MOBILIARIOS EM GERAL;MOBILIARIOS DE HOTELARIA E ALOJAMENTOS;PUFF, QUADRADO,AZUL ROYAL;BL;Bali;20,00;3,00;100,00;156,000;155,000;25;
2025;155623;FOB    ;FOB    ;01/12/2025 07:49;08/01/2026 11:06;09/01/2026 16:12;03/03/2026 00:00;02/03/2027 00:00;Setorizada;Vigente;9071636;MOBILIARIOS EM GERAL;MOBILIARIOS DE ESCRITORIO;ARMARIO DE ACO,(1980X900X450)MM,02 PORTAS,CINZA;marzo Vitorino;Euro;20,00;17,00;100,00;1440,000;1058,000;25;
2025;155623;FOB    ;FOB    ;01/12/2025 07:49;08/01/2026 11:06;09/01/2026 16:12;03/03/2026 00:00;02/03/2027 00:00;Setorizada;Vigente;9223010;MOBILIARIOS EM GERAL;MOBILIARIOS DE ESCRITORIO;ARMARIO BAIXO,MDP,FECHADO,NOCE AMENDOA,(800X500X740)MM;Marzo Vitorino;Romanza Plus;35,00;0,00;74,47;1050,000;743,000;25;
2025;155623;FOB    ;FOB    ;01/12/2025 07:49;08/01/2026 11:06;09/01/2026 16:12;03/03/2026 00:00;02/03/2027 00:00;Setorizada;Vigente;9446168;MOBILIARIOS EM GERAL;MOBILIARIOS DE ESCRITORIO;MESA AUXILIAR PARA ESCRITORIO,MDP,CINZA PLATINA,(800X800)MM;Marzo Vitorino;Romanza Plus;5,00;4,00;62,50;740,410;500,000;25;
2025;155623;FOB    ;FOB    ;01/12/2025 07:49;08/01/2026 11:06;09/01/2026 16:12;03/03/2026 00:00;02/03/2027 00:00;Setorizada;Vigente;9597816;MOBILIARIOS EM GERAL;MOBILIARIOS DE ESCRITORIO;GAVETEIRO P/ESCRITORIO MDF MARFIM VOLANTE;Marzo Vitorino;Romanza Plus;25,00;0,00;100,00;1105,000;743,000;25;
2025;155623;FOB    ;FOB    ;01/12/2025 07:49;08/01/2026 11:06;09/01/2026 16:12;03/03/2026 00:00;02/03/2027 00:00;Setorizada;Vigente;9603638;MOBILIARIOS EM GERAL;MOBILIARIOS DE HOTELARIA E ALOJAMENTOS;PUFF SEXTAVADO CREPE AZUL;BL;Bali;20,00;0,00;33,33;1423,870;649,500;25;
2025;155623;FOB    ;FOB    ;01/12/2025 07:49;08/01/2026 11:06;09/01/2026 16:12;03/03/2026 00:00;02/03/2027 00:00;Setorizada;Vigente;9623396;MOBILIARIOS EM GERAL;MOBILIARIOS DE ESCRITORIO;MESA DE REUNIAO MDF REDONDA 1000MM CARVALHO HANOVER;Marzo Vitorino;Romanza Plus;5,00;3,00;33,33;978,000;730,000;25;
2025;155623;FOB    ;FOB    ;01/12/2025 07:49;08/01/2026 11:06;09/01/2026 16:12;03/03/2026 00:00;02/03/2027 00:00;Setorizada;Vigente;9628908;MOBILIARIOS EM GERAL;MOBILIARIOS DE ESCRITORIO;ESTANTE P/ESCRITORIO C/5 PRATELEIRAS 1,98X0,795X0,40M ESP.25MM PRETA;Marzo Vitorino;Romanza Plus;5,00;1,00;55,56;681,990;681,000;25;
2025;155623;FOB    ;FOB    ;01/12/2025 07:49;08/01/2026 11:06;09/01/2026 16:12;03/03/2026 00:00;02/03/2027 00:00;Setorizada;Vigente;9701575;MOBILIARIOS EM GERAL;MOBILIARIOS DE ESCRITORIO;LONGARINA 03 LUGARES ACO ESCOVADO;FK Grupo SA;Longarina ISO;20,00;0,00;100,00;1300,000;669,860;25;
2025;155623;FOB    ;FOB    ;01/12/2025 07:49;08/01/2026 11:06;09/01/2026 16:12;03/03/2026 00:00;02/03/2027 00:00;Setorizada;Vigente;9715568;MOBILIARIOS EM GERAL;MOBILIARIOS DE ESCRITORIO;ARMARIO EXTRA ALTO MDP FRESNO SBIANCATTO;Marzo Vitorino;Romanza Plus;20,00;0,00;74,07;2404,000;1835,000;25;
2025;155623;FOB    ;FOB    ;01/12/2025 07:49;08/01/2026 11:06;09/01/2026 16:12;03/03/2026 00:00;02/03/2027 00:00;Setorizada;Vigente;9736158;MOBILIARIOS EM GERAL;MOBILIARIOS DE ESCRITORIO;GAVETEIRO P/ESCRITORIO MDP VOLANTE;Marzo Vitorino;Romanza Plus;20,00;0,00;74,07;1100,000;820,000;25;
2025;155623;FOB    ;FOB    ;01/12/2025 07:49;08/01/2026 11:06;09/01/2026 16:12;03/03/2026 00:00;02/03/2027 00:00;Setorizada;Vigente;9808043;MOBILIARIOS EM GERAL;MOBILIARIOS DE ESCRITORIO;MESA DE REUNIAO,(2200X910)MM,CARVALHO HANOVER;marzo Vitorino;Romanza Plus;5,00;5,00;71,43;2178,490;1440,000;25;
2025;155623;FOB    ;FOB    ;01/12/2025 07:49;08/01/2026 11:06;09/01/2026 16:12;03/03/2026 00:00;02/03/2027 00:00;Setorizada;Vigente;9925546;MOBILIARIOS EM GERAL;MOBILIARIOS DE HOTELARIA E ALOJAMENTOS;PUFF,REDONDO,REV.TECIDO SUEDE;BL;Bali;20,00;20,00;64,52;2138,900;830,200;25;
2025;155623;FOB    ;FOB    ;01/12/2025 07:49;08/01/2026 11:06;09/01/2026 16:12;03/03/2026 00:00;02/03/2027 00:00;Setorizada;Vigente;10013806;MOBILIARIOS EM GERAL;MOBILIARIOS DE ESCRITORIO;"MESA DE TRAB;EM MDP;CINZA; MED1200X600MM";Marzo Vitorino;Romaza Plus;35,00;3,00;72,92;918,300;598,000;25;
2025;155623;FOB    ;FOB    ;01/12/2025 07:49;08/01/2026 11:06;09/01/2026 16:12;03/03/2026 00:00;02/03/2027 00:00;Setorizada;Vigente;10120599;MOBILIARIOS EM GERAL;MOBILIARIOS DE ESCRITORIO;"MESA DE TRABALHO; 1,60 M X 0,60 M; CINZA";Marzo Vitorino;Romanza Plus;10,00;6,00;50,00;1110,000;788,000;25;
2025;155623;FOB    ;FOB    ;01/12/2025 07:49;08/01/2026 11:06;09/01/2026 16:12;03/03/2026 00:00;02/03/2027 00:00;Setorizada;Vigente;10143629;MOBILIARIOS EM GERAL;MOBILIARIOS DE ESCRITORIO;"MESA DE TRABALHO;MDP; EM ""L"" , 1500X1500X600X750MM";Marzo Vitorino;Romanza Plus;20,00;10,00;86,96;2507,980;1490,000;25;
2025;155623;FOB    ;FOB    ;01/12/2025 07:49;08/01/2026 11:06;09/01/2026 16:12;03/03/2026 00:00;02/03/2027 00:00;Setorizada;Vigente;10181016;MOBILIARIOS EM GERAL;MOBILIARIOS DE ESCRITORIO;ARMARIO ALTO;Marzo Vitorino;Romanza Plus;20,00;2,00;100,00;1900,000;1435,000;25;
2025;155623;FOB    ;FOB    ;01/12/2025 07:49;08/01/2026 11:06;09/01/2026 16:12;03/03/2026 00:00;02/03/2027 00:00;Setorizada;Vigente;10196773;MOBILIARIOS EM GERAL;MOBILIARIOS DE ESCRITORIO;ARMARIO DE ACO, MEDINDO(1,98X0,90X0,40)=(AXLXP);Marzo Vitorino;Euro;3,00;3,00;23,08;3264,150;2510,000;25;
2025;156140;FORP   ;FOB    ;03/12/2025 14:34;27/01/2026 15:02;27/01/2026 15:03;04/03/2026 00:00;03/03/2027 00:00;Setorizada;Vigente;5503000;ODONTOLÓGICO;MATERIAL DE CONSUMO ODONTOLÓGICO;IONÔMERO DE VIDRO; SS White; Vidrion F Plus;10,00;0,00;22,73;70,330;25,880;3;
2025;156140;FORP   ;FOB    ;03/12/2025 14:34;27/01/2026 15:02;27/01/2026 15:03;04/03/2026 00:00;03/03/2027 00:00;Setorizada;Vigente;5586461;ARTIGOS DE HIGIENE;UTENSILIOS PARA HIGIENE E PROTECAO PESS.;ESCOVA PARA UNHAS DE NYLON,COM BASE DE PLASTICO; LIMPEMANIA; ;50,00;50,00;27,17;3,860;3,860;3;
2025;156140;FORP   ;FOB    ;03/12/2025 14:34;27/01/2026 15:02;27/01/2026 15:03;04/03/2026 00:00;03/03/2027 00:00;Setorizada;Vigente;5656648;EQUIPAMENTOS E ARTIGOS DE USO MEDICO, O.;SOLUCOES ANTI-SEPTICAS COM NOTIFICACAO/.;POLIVINIL PIRROLIDONA IODO,10%,SOLUCAO AQUOSA,FRASCO OPACO; Rioquímica; Riodeine;10,00;10,00;71,43;77,570;52,520;3;
2025;156140;FORP   ;FOB    ;03/12/2025 14:34;27/01/2026 15:02;27/01/2026 15:03;04/03/2026 00:00;03/03/2027 00:00;Setorizada;Vigente;5657393;EQUIPAMENTOS E ARTIGOS DE USO MEDICO, O.;INSUMOS DE USO ODONTOLOGICO COM NOTIFIC.;PLACA DE VIDRO,7,50 X 15 CM,6 MM DE ESPESSURA; Preven; ;10,00;10,00;35,71;24,470;8,840;3;
2025;156140;FORP   ;FOB    ;03/12/2025 14:34;27/01/2026 15:02;27/01/2026 15:03;04/03/2026 00:00;03/03/2027 00:00;Setorizada;Vigente;5666473;EQUIPAMENTOS E ARTIGOS DE USO MEDICO, O.;INSUMOS DE USO ODONTOLOGICO COM NOTIFIC.;PARAMONOCLOROFENOL CANFORADO TRATAMENTO ENDODONTICO; Biodinamica; ;10,00;10,00;17,24;16,440;8,150;3;
2025;156140;FORP   ;FOB    ;03/12/2025 14:34;27/01/2026 15:02;27/01/2026 15:03;04/03/2026 00:00;03/03/2027 00:00;Setorizada;Vigente;5679028;EQUIPAMENTOS E ARTIGOS DE USO MEDICO, O.;INSUMOS DE USO ODONTOLOGICO COM NOTIFIC.;VERNIZ C/ 5% DE FLUORETO DE SODIO OU 2,26% DE ION FLUOR,FR.C/10ML; Dentscare FGM; Duofluorid;20,00;10,00;33,33;36,270;17,070;3;
2025;156140;FORP   ;FOB    ;03/12/2025 14:34;27/01/2026 15:02;27/01/2026 15:03;04/03/2026 00:00;03/03/2027 00:00;Setorizada;Vigente;5680581;EQUIPAMENTOS E ARTIGOS DE USO MEDICO, O.;INSUMOS DE USO ODONTOLOGICO COM NOTIFIC.;ALGODAO EM ROLO,HIDROFILO,BRANCO,MACIO,INODORO,PACOTE C/500G;MEDIHOUSE; ;10,00;10,00;15,63;32,020;30,000;3;
2025;156140;FORP   ;FOB    ;03/12/2025 14:34;27/01/2026 15:02;27/01/2026 15:03;04/03/2026 00:00;03/03/2027 00:00;Setorizada;Vigente;5683114;EQUIPAMENTOS E ARTIGOS DE USO MEDICO, O.;SOLUCOES ANTI-SEPTICAS COM NOTIFICACAO/.;HIPOCLORITO DE SODIO,1%,SOLUCAO,GALAO; Prolink; ;75,00;75,00;39,06;31,140;30,000;3;
2025;156140;FORP   ;FOB    ;03/12/2025 14:34;27/01/2026 15:02;27/01/2026 15:03;04/03/2026 00:00;03/03/2027 00:00;Setorizada;Vigente;5683947;EQUIPAMENTOS E ARTIGOS DE USO MEDICO, O.;INSUMOS DE USO ODONTOLOGICO COM NOTIFIC.;ISOLANTE P/GESSO E RESINA,A BASE DE CELULOSE,FRASCO C/500ML; SS White; Cel Lac;10,00;10,00;9,52;67,240;43,480;3;
2025;156140;FORP   ;FOB    ;03/12/2025 14:34;27/01/2026 15:02;27/01/2026 15:03;04/03/2026 00:00;03/03/2027 00:00;Setorizada;Vigente;5701007;EQUIPAMENTOS E ARTIGOS DE USO MEDICO, O.;INSUMOS DE USO ODONTOLOGICO COM NOTIFIC.;TACA DE BORRACHA,P/CA,C/PROTECAO;Shanghai Dochem;Dental Partner;20,00;20,00;18,18;2,730;2,500;3;
2025;156140;FORP   ;FOB    ;03/12/2025 14:34;27/01/2026 15:02;27/01/2026 15:03;04/03/2026 00:00;03/03/2027 00:00;Setorizada;Vigente;5711061;EQUIPAMENTOS E ARTIGOS DE USO MEDICO, O.;MATERIAIS DE USO TECNICO HOSPITALAR COM.;TOUCA CIRURGICA DESCARTAVEL DE FALSO TECIDO BRANCO;ANADONA; ;100,00;50,00;6,29;17,600;16,000;3;
2025;156140;FORP   ;FOB    ;03/12/2025 14:34;27/01/2026 15:02;27/01/2026 15:03;04/03/2026 00:00;03/03/2027 00:00;Setorizada;Vigente;5728673;EQUIPAMENTOS E ARTIGOS DE USO MEDICO, O.;COMPOSTOS E PREPARADOS PARA LIMPEZA HOS.;DETERGENTE DESENCROSTANTE,NEUTRO,ENZIMATICO,LIQUIDO,VIOLETA; PROLINK; ;50,00;50,00;14,41;274,570;235,000;3;
2025;156140;FORP   ;FOB    ;03/12/2025 14:34;27/01/2026 15:02;27/01/2026 15:03;04/03/2026 00:00;03/03/2027 00:00;Setorizada;Vigente;5736676;EQUIPAMENTOS E ARTIGOS DE USO MEDICO, O.;INSUMOS DE USO ODONTOLOGICO COM NOTIFIC.;SISTEMA ADESIVO FOTO,REP.SINGLE BOND(3MESPE), FR. C/6ML (UNIVERSIDADE); Solventum; Adper Single Bond 2;30,00;30,00;24,39;279,240;176,320;3;
2025;156140;FORP   ;FOB    ;03/12/2025 14:34;27/01/2026 15:02;27/01/2026 15:03;04/03/2026 00:00;03/03/2027 00:00;Setorizada;Vigente;5905141;EQUIPAMENTOS E ARTIGOS DE USO MEDICO, O.;MATERIAIS DE USO TECNICO HOSPITALAR COM.;FITA ADESIVA CIRURGICA EM NÃO TECIDO ADESIVO ETER SINTETICO25MM X4,5M; Ciex; ;10,00;10,00;30,30;8,480;8,000;3;
2025;156140;FORP   ;FOB    ;03/12/2025 14:34;27/01/2026 15:02;27/01/2026 15:03;04/03/2026 00:00;03/03/2027 00:00;Setorizada;Vigente;6077439;EQUIPAMENTOS E ARTIGOS DE USO MEDICO, O.;INSUMOS DE USO ODONTOLOGICO COM NOTIFIC.;BROCA ODONTOLOGICA P/ALTA ROTACAO,DIAMANTADA,1012,ESFERICA;Microdont;3R;30,00;30,00;30,30;7,430;3,000;3;
2025;156140;FORP   ;FOB    ;03/12/2025 14:34;27/01/2026 15:02;27/01/2026 15:03;04/03/2026 00:00;03/03/2027 00:00;Setorizada;Vigente;6077471;EQUIPAMENTOS E ARTIGOS DE USO MEDICO, O.;INSUMOS DE USO ODONTOLOGICO COM NOTIFIC.;BROCA ODONTOL.P/AR,DIAMANTADA,NUMERO 1016,ESFERICA;Microdont;3R;30,00;30,00;27,52;7,430;3,000;3;
2025;156140;FORP   ;FOB    ;03/12/2025 14:34;27/01/2026 15:02;27/01/2026 15:03;04/03/2026 00:00;03/03/2027 00:00;Setorizada;Vigente;6077480;EQUIPAMENTOS E ARTIGOS DE USO MEDICO, O.;INSUMOS DE USO ODONTOLOGICO COM NOTIFIC.;BROCA ODONTOLOGICA P/ALTA ROTACAO,DIAMANTADA,1019,ESFERICA;Microdont;3R;10,00;10,00;7,58;7,430;3,000;3;
2025;156140;FORP   ;FOB    ;03/12/2025 14:34;27/01/2026 15:02;27/01/2026 15:03;04/03/2026 00:00;03/03/2027 00:00;Setorizada;Vigente;6098673;EQUIPAMENTOS E ARTIGOS DE USO MEDICO, O.;INSUMOS DE USO ODONTOLOGICO COM NOTIFIC.;IONOMERO DE VIDRO PARA RESTAURACAO DE DENTES PERMANENTES; Dentscare FGM; Maxxion R;20,00;0,00;13,99;95,930;19,500;3;
2025;156140;FORP   ;FOB    ;03/12/2025 14:34;27/01/2026 15:02;27/01/2026 15:03;04/03/2026 00:00;03/03/2027 00:00;Setorizada;Vigente;7919514;EQUIPAMENTOS E ARTIGOS DE USO MEDICO, O.;INSUMOS DE USO ODONTOLOGICO COM NOTIFIC.;BROCA ODONTO P/CA,ACO COMUM,2,ESFERICA;Dentsply;Mailefer;10,00;10,00;15,63;26,100;8,500;3;
2025;156140;FORP   ;FOB    ;03/12/2025 14:34;27/01/2026 15:02;27/01/2026 15:03;04/03/2026 00:00;03/03/2027 00:00;Setorizada;Vigente;7919530;EQUIPAMENTOS E ARTIGOS DE USO MEDICO, O.;INSUMOS DE USO ODONTOLOGICO COM NOTIFIC.;BROCA ODONTO P/CA,ACO COMUM,4,ESFERICA;Dentsply;Mailefer;10,00;10,00;15,63;26,100;8,500;3;
2025;156140;FORP   ;FOB    ;03/12/2025 14:34;27/01/2026 15:02;27/01/2026 15:03;04/03/2026 00:00;03/03/2027 00:00;Setorizada;Vigente;7919565;EQUIPAMENTOS E ARTIGOS DE USO MEDICO, O.;INSUMOS DE USO ODONTOLOGICO COM NOTIFIC.;BROCA ODONTO P/CA,ACO COMUM,8,ESFERICA;Dentsply;Mailefer;10,00;10,00;12,99;26,100;8,500;3;
2025;156140;FORP   ;FOB    ;03/12/2025 14:34;27/01/2026 15:02;27/01/2026 15:03;04/03/2026 00:00;03/03/2027 00:00;Setorizada;Vigente;8049742;EQUIPAMENTOS E ARTIGOS DE USO MEDICO, O.;INSUMOS DE USO ODONTOLOGICO COM NOTIFIC.;IONOMERO DE VIDRO, PARA CIMENTACAO; Dentscare FGM; Maxxion C;20,00;10,00;18,02;51,270;19,500;3;
2025;156140;FORP   ;FOB    ;03/12/2025 14:34;27/01/2026 15:02;27/01/2026 15:03;04/03/2026 00:00;03/03/2027 00:00;Setorizada;Vigente;8214611;EQUIPAMENTOS E ARTIGOS DE USO MEDICO, O.;MATERIAIS DE USO TECNICO HOSPITALAR COM.;" DE MADEIRA; DE USO UNICO; EXTREMIDADES ARREDONDADAS,SEM REBARBAS; MEDINDO (14CMX1,5CM DE LARGURA)X(";Estilo; ;200,00;50,00;54,35;10,300;9,990;3;
2025;156140;FORP   ;FOB    ;03/12/2025 14:34;27/01/2026 15:02;27/01/2026 15:03;04/03/2026 00:00;03/03/2027 00:00;Setorizada;Vigente;8332231;EQUIPAMENTOS E ARTIGOS DE USO MEDICO, O.;INSUMOS DE USO ODONTOLOGICO COM NOTIFIC.;PASTA PROFILAT.ODONTOL.,C/PEDRA POMES MICROGRANULADA,AROMA ARTIFICIAL; Dental Partner; Bravi;10,00;10,00;3,57;17,230;4,270;3;
2025;156140;FORP   ;FOB    ;03/12/2025 14:34;27/01/2026 15:02;27/01/2026 15:03;04/03/2026 00:00;03/03/2027 00:00;Setorizada;Vigente;8351201;EQUIPAMENTOS E ARTIGOS DE USO MEDICO, O.;MATERIAIS DE USO TECNICO HOSPITALAR COM.;CAMPO CIRURGICO DESCARTAVEL NAO ESTERIL, COM SEM DOBRAS, TAMANHO 70 X; DESCARTEE; ;100,00;100,00;58,48;112,440;99,000;3;
2025;156140;FORP   ;FOB    ;03/12/2025 14:34;27/01/2026 15:02;27/01/2026 15:03;04/03/2026 00:00;03/03/2027 00:00;Setorizada;Vigente;8361746;EQUIPAMENTOS E ARTIGOS DE USO MEDICO, O.;MATERIAIS DE USO TECNICO HOSPITALAR COM.;" EM TECIDO 100% ALGODAO, IMPERMEABILIZANTE,1 FACE ADESIVA; NA COR BRANCA, COM BORDAS DEVIDAMENTE ACA"; Ciex; ;10,00;10,00;38,46;12,860;12,000;3;
2025;156140;FORP   ;FOB    ;03/12/2025 14:34;27/01/2026 15:02;27/01/2026 15:03;04/03/2026 00:00;03/03/2027 00:00;Setorizada;Vigente;8384983;EQUIPAMENTOS E ARTIGOS DE USO MEDICO, O.;INSUMOS DE USO ODONTOLOGICO COM NOTIFIC.;PLACA P/PLASTIFICADORA,ACETATO,CRISTAL,REDONDA,ESPESS.1.5MM;Bioart; ;10,00;10,00;27,78;36,240;32,580;3;
2025;156140;FORP   ;FOB    ;03/12/2025 14:34;27/01/2026 15:02;27/01/2026 15:03;04/03/2026 00:00;03/03/2027 00:00;Setorizada;Vigente;8503354;EQUIPAMENTOS E ARTIGOS DE USO MEDICO, O.;INSUMOS DE USO ODONTOLOGICO COM NOTIFIC.;PLACA P/PLASTIFICADORA,ACETATO,CRISTAL,REDONDA,ESPESS.2,0MM;Bioart; ;10,00;10,00;35,71;42,900;32,580;3;
2025;156140;FORP   ;FOB    ;03/12/2025 14:34;27/01/2026 15:02;27/01/2026 15:03;04/03/2026 00:00;03/03/2027 00:00;Setorizada;Vigente;8503370;EQUIPAMENTOS E ARTIGOS DE USO MEDICO, O.;INSUMOS DE USO ODONTOLOGICO COM NOTIFIC.;PLACA P/PLASTIFICADORA,EVA SOFT LEITOSO,ESPESSURA 3MM,REDONDA;Bioart; ;10,00;10,00;38,46;64,930;44,720;3;
2025;156140;FORP   ;FOB    ;03/12/2025 14:34;27/01/2026 15:02;27/01/2026 15:03;04/03/2026 00:00;03/03/2027 00:00;Setorizada;Vigente;8503486;EQUIPAMENTOS E ARTIGOS DE USO MEDICO, O.;INSUMOS DE USO ODONTOLOGICO COM NOTIFIC.;PLACA P/PLASTIFICADORA,EVA SOFT LEITOSO,ESPESSURA 1MM,REDONDA; Bioart; ;10,00;10,00;43,48;46,240;27,450;3;
2025;156140;FORP   ;FOB    ;03/12/2025 14:34;27/01/2026 15:02;27/01/2026 15:03;04/03/2026 00:00;03/03/2027 00:00;Setorizada;Vigente;8561036;EQUIPAMENTOS E ARTIGOS DE USO MEDICO, O.;MATERIAIS DE USO TECNICO HOSPITALAR COM.;AVENTAL DESCARTAVEL, NA COR AZUL; DESCARTEE; ;100,00;100,00;1,94;7,030;7,030;3;
2025;156140;FORP   ;FOB    ;03/12/2025 14:34;27/01/2026 15:02;27/01/2026 15:03;04/03/2026 00:00;03/03/2027 00:00;Setorizada;Vigente;8732337;EQUIPAMENTOS E ARTIGOS DE USO MEDICO, O.;INSUMOS DE USO ODONTOLOGICO COM NOTIFIC.;IONOMERO DE VIDRO,BASE E FORRAM.REST./REPOS.IONOSEAL,FOTOP.2 SERINGAS;  Voco; Ionosea;20,00;20,00;46,51;263,240;248,080;3;
2025;156140;FORP   ;FOB    ;03/12/2025 14:34;27/01/2026 15:02;27/01/2026 15:03;04/03/2026 00:00;03/03/2027 00:00;Setorizada;Vigente;8945624;EQUIPAMENTOS E ARTIGOS DE USO MEDICO, O.;INSUMOS DE USO ODONTOLOGICO COM NOTIFIC.;CERAMICA ODONT.,COR A1,,REPOSICAO DA CERAMCO 3,POTE 28,4G;DENTSPLY;CERAMCO3;10,00;10,00;58,82;344,880;208,110;3;
2025;156140;FORP   ;FOB    ;03/12/2025 14:34;27/01/2026 15:02;27/01/2026 15:03;04/03/2026 00:00;03/03/2027 00:00;Setorizada;Vigente;8945659;EQUIPAMENTOS E ARTIGOS DE USO MEDICO, O.;INSUMOS DE USO ODONTOLOGICO COM NOTIFIC.;CERAMICA ODONT.,COR A3,5,,REPOSICAO DA CERAMCO 3,POTE 28,4G;DENTSPLY;CERAMCO 3;10,00;10,00;40,00;344,880;208,060;3;
2025;156140;FORP   ;FOB    ;03/12/2025 14:34;27/01/2026 15:02;27/01/2026 15:03;04/03/2026 00:00;03/03/2027 00:00;Setorizada;Vigente;8945667;EQUIPAMENTOS E ARTIGOS DE USO MEDICO, O.;INSUMOS DE USO ODONTOLOGICO COM NOTIFIC.;CERAMICA ODONT.,COR A4,,REPOSICAO DA CERAMCO 3,POTE 28,4G;DENTSPLY;CERAMCO 3;10,00;10,00;45,45;344,880;208,060;3;
2025;156140;FORP   ;FOB    ;03/12/2025 14:34;27/01/2026 15:02;27/01/2026 15:03;04/03/2026 00:00;03/03/2027 00:00;Setorizada;Vigente;8945691;EQUIPAMENTOS E ARTIGOS DE USO MEDICO, O.;INSUMOS DE USO ODONTOLOGICO COM NOTIFIC.;CERAMICA ODONT.,COR B3,,REPOSICAO DA CERAMCO 3,POTE 28,4G;DENTSPLY;CERAMCO 3 F;10,00;10,00;62,50;344,880;208,060;3;
2025;156140;FORP   ;FOB    ;03/12/2025 14:34;27/01/2026 15:02;27/01/2026 15:03;04/03/2026 00:00;03/03/2027 00:00;Setorizada;Vigente;8945713;EQUIPAMENTOS E ARTIGOS DE USO MEDICO, O.;INSUMOS DE USO ODONTOLOGICO COM NOTIFIC.;CERAMICA ODONT.,COR C1,,REPOSICAO DA CERAMCO 3,POTE 28,4G;DENTSPLY;CERAMCO 3;10,00;10,00;83,33;344,880;208,060;3;
2025;156140;FORP   ;FOB    ;03/12/2025 14:34;27/01/2026 15:02;27/01/2026 15:03;04/03/2026 00:00;03/03/2027 00:00;Setorizada;Vigente;8945942;EQUIPAMENTOS E ARTIGOS DE USO MEDICO, O.;INSUMOS DE USO ODONTOLOGICO COM NOTIFIC.;CERAMICA ODONT.,COR INCISAL DARK,,REPOSICAO DA CERAMCO 3,POTE 28,4G;DENTSPLY;CERAMCO 3;10,00;10,00;38,46;344,880;208,060;3;
2025;156140;FORP   ;FOB    ;03/12/2025 14:34;27/01/2026 15:02;27/01/2026 15:03;04/03/2026 00:00;03/03/2027 00:00;Setorizada;Vigente;8946027;EQUIPAMENTOS E ARTIGOS DE USO MEDICO, O.;INSUMOS DE USO ODONTOLOGICO COM NOTIFIC.;CERAMICA ODONT.,COR A4,REPOSIÇÃO DA CERAMCO 3,SERINGA 2ML;DEGUDENT P;CERAMCO 3 F;10,00;10,00;58,82;312,380;208,060;3;
2025;156140;FORP   ;FOB    ;03/12/2025 14:34;27/01/2026 15:02;27/01/2026 15:03;04/03/2026 00:00;03/03/2027 00:00;Setorizada;Vigente;8946051;EQUIPAMENTOS E ARTIGOS DE USO MEDICO, O.;INSUMOS DE USO ODONTOLOGICO COM NOTIFIC.;CERAMICA ODONT.,COR B3,REPOSIÇÃO DA CERAMCO 3,SERINGA 2ML;DENTSPLY;CERAMCO 3;10,00;10,00;58,82;312,380;208,060;3;
2025;156140;FORP   ;FOB    ;03/12/2025 14:34;27/01/2026 15:02;27/01/2026 15:03;04/03/2026 00:00;03/03/2027 00:00;Setorizada;Vigente;8946060;EQUIPAMENTOS E ARTIGOS DE USO MEDICO, O.;INSUMOS DE USO ODONTOLOGICO COM NOTIFIC.;CERAMICA ODONT.,COR B4,REPOSIÇÃO DA CERAMCO 3,SERINGA 2ML;DEGUDENT P;CERAMCO 3;10,00;10,00;58,82;312,380;208,060;3;
2025;156140;FORP   ;FOB    ;03/12/2025 14:34;27/01/2026 15:02;27/01/2026 15:03;04/03/2026 00:00;03/03/2027 00:00;Setorizada;Vigente;8969868;EQUIPAMENTOS E ARTIGOS DE USO MEDICO, O.;INSUMOS DE USO ODONTOLOGICO COM NOTIFIC.;IONOMERO DE VIDRO,COR A3,REPOSICAO DO KETAC MOLAR EASYMIX - 3M; Solventum; Ketac Molar Easymix;10,00;10,00;34,48;681,570;573,790;3;
2025;156140;FORP   ;FOB    ;03/12/2025 14:34;27/01/2026 15:02;27/01/2026 15:03;04/03/2026 00:00;03/03/2027 00:00;Setorizada;Vigente;9026266;EQUIPAMENTOS E ARTIGOS DE USO MEDICO, O.;INSUMOS DE USO ODONTOLOGICO COM NOTIFIC.;CERAMICA ODONTO.,REPOS.CERAMCO3, COD:131628,EM SERINGA 2ML PASTA BASE; DENTSPLY P; CERAMCO 3 F;10,00;10,00;34,48;312,380;208,060;3;
2025;156140;FORP   ;FOB    ;03/12/2025 14:34;27/01/2026 15:02;27/01/2026 15:03;04/03/2026 00:00;03/03/2027 00:00;Setorizada;Vigente;9427619;EQUIPAMENTOS E ARTIGOS DE USO MEDICO, O.;MATERIAIS DE USO TECNICO HOSPITALAR COM.;LENCOL DE PAPEL DESCARTAVEL; descarbox; ;100,00;90,00;28,25;23,920;21,000;3;
2025;156140;FORP   ;FOB    ;03/12/2025 14:34;27/01/2026 15:02;27/01/2026 15:03;04/03/2026 00:00;03/03/2027 00:00;Setorizada;Vigente;9531947;EQUIPAMENTOS E ARTIGOS DE USO MEDICO, O.;INSUMOS DE USO ODONTOLOGICO COM NOTIFIC.;BROCA ODONTOLOGICA PARA PECA DE MAO;American Burrs; ;20,00;20,00;37,74;283,770;90,000;3;
2025;156140;FORP   ;FOB    ;03/12/2025 14:34;27/01/2026 15:02;27/01/2026 15:03;04/03/2026 00:00;03/03/2027 00:00;Setorizada;Vigente;9591575;EQUIPAMENTOS E ARTIGOS DE USO MEDICO, O.;INSUMOS DE USO ODONTOLOGICO COM NOTIFIC.;BROCA OD.P/PM,CARB.TUNGST,MINICUT,1548, CORTE LISO FINO,ANEL VERM,PERA;American Burrs; ;20,00;20,00;37,74;377,870;75,000;3;
2025;156140;FORP   ;FOB    ;03/12/2025 14:34;27/01/2026 15:02;27/01/2026 15:03;04/03/2026 00:00;03/03/2027 00:00;Setorizada;Vigente;9760539;EQUIPAMENTOS E ARTIGOS DE USO MEDICO, O.;INSUMOS DE USO ODONTOLOGICO COM NOTIFIC.;IONOMERO DE VIDRO PARA RESTAURACOES COR A3; SDI;Riva Light Cure;20,00;20,00;38,46;280,930;95,080;3;
2025;156140;FORP   ;FOB    ;03/12/2025 14:34;27/01/2026 15:02;27/01/2026 15:03;04/03/2026 00:00;03/03/2027 00:00;Setorizada;Vigente;9783296;EQUIPAMENTOS E ARTIGOS DE USO MEDICO, O.;INSUMOS DE USO ODONTOLOGICO COM NOTIFIC.;escova de robson, cerda plana em nylon branca, haste metalica;Shanghai Dochem;Dental Partner;200,00;170,00;66,67;9,570;2,000;3;
2025;156140;FORP   ;FOB    ;03/12/2025 14:34;27/01/2026 15:02;27/01/2026 15:03;04/03/2026 00:00;03/03/2027 00:00;Setorizada;Vigente;9991581;EQUIPAMENTOS E ARTIGOS DE USO MEDICO, O.;MATERIAIS DE USO TECNICO HOSPITALAR COM.;FITA TESTE, PARA INDICACAO DE ESTERILIZACAO;Ciex; ;40,00;40,00;33,06;28,430;25,000;3;
2026;31810;FOB    ;FOB    ;11/03/2026 14:31; ; ;16/03/2026 00:00;16/03/2027 00:00;Individual;Vigente;8287422;EQUIPAMENTOS E ARTIGOS DE USO MEDICO, O.;MATERIAIS DE USO TECNICO HOSPITALAR COM.;" CONFECCIONADA A BASE DE FIBRAS 100% DE POLIROPILENO; FORMATO ANATOMICO,GRAMATURA 18G; COM CAPACIDAD";Dejamaro; ;350,00;350,00;100,00;13,600;6,900;10;
2026;31810;FOB    ;FOB    ;11/03/2026 14:31; ; ;16/03/2026 00:00;16/03/2027 00:00;Individual;Vigente;8290385;RECIPIENTES E MATERIAIS PARA ACONDICION.;SACOS,BOLSAS,SACOLAS E SIMILARES;SACO PLASTICO P/EMBALAGEM,POLIETILENO BX,30X40CM,12MICRA,INCOLOR,S/FU; Rio Pardo; ;10,00;0,00;100,00;550,000;500,000;10;
2026;31810;FOB    ;FOB    ;11/03/2026 14:31; ; ;16/03/2026 00:00;16/03/2027 00:00;Individual;Vigente;8291578;EQUIPAMENTOS E ARTIGOS DE USO MEDICO, O.;INSUMOS DE USO ODONTOLOGICO SEM NOTIFIC.;BABADOR ODONTOLOGICO,NAO TECIDO 100% POLIPROPILENO, 35 X 45CM;Suprimed; ;250,00;0,00;100,00;20,110;20,110;10;
2026;31810;FOB    ;FOB    ;11/03/2026 14:31; ; ;16/03/2026 00:00;16/03/2027 00:00;Individual;Vigente;8296472;EQUIPAMENTOS E ARTIGOS DE USO MEDICO, O.;INSUMOS DE USO ODONTOLOGICO SEM NOTIFIC.;PROTETOR DE EQU.ODONTOL.,REFLETOR,TNT 30G/M2,BRANCO,9X45CM,DESCARTAVE;Suprimed; ;200,00;0,00;100,00;82,000;70,000;10;
2026;31810;FOB    ;FOB    ;11/03/2026 14:31; ; ;16/03/2026 00:00;16/03/2027 00:00;Individual;Vigente;8296480;EQUIPAMENTOS E ARTIGOS DE USO MEDICO, O.;INSUMOS DE USO ODONTOLOGICO SEM NOTIFIC.;PROTETOR EQU.ODONTOL.,P/MANGUEIRA,TNT 30G/M2,6CMX110CM,DESCARTAVEL;Suprimed; ;90,00;0,00;100,00;11,500;11,000;10;
2026;31810;FOB    ;FOB    ;11/03/2026 14:31; ; ;16/03/2026 00:00;16/03/2027 00:00;Individual;Vigente;8299285;EQUIPAMENTOS E ARTIGOS DE USO MEDICO, O.;MATERIAIS DE USO TECNICO HOSPITALAR COM.;TOALHA DESCARTAVEL, EM NAO TECIDO, NAO ESTERIL, 30 X 40 CM, COR BRANC;Suprimed; ;4.500,00;0,00;100,00;0,800;0,600;10;
2026;31810;FOB    ;FOB    ;11/03/2026 14:31; ; ;16/03/2026 00:00;16/03/2027 00:00;Individual;Vigente;8321159;EQUIPAMENTOS E ARTIGOS DE USO MEDICO, O.;MATERIAIS DE USO TECNICO HOSPITALAR COM.;campo cirurgico descartavel, confeccionado em nao tecido; Suprimed; ;600,00;200,00;100,00;98,000;47,500;10;
2026;31810;FOB    ;FOB    ;11/03/2026 14:31; ; ;16/03/2026 00:00;16/03/2027 00:00;Individual;Vigente;8396698;EQUIPAMENTOS E ARTIGOS DE USO MEDICO, O.;MATERIAIS DE USO TECNICO HOSPITALAR COM.;MASCARA CIRURGICA DESCARTAVEL, EM NAO TECIDO, C/ FIXACAO AURICULAR;Realdesc; ;950,00;950,00;100,00;7,650;3,900;10;
2026;31810;FOB    ;FOB    ;11/03/2026 14:31; ; ;16/03/2026 00:00;16/03/2027 00:00;Individual;Vigente;8430268;RECIPIENTES E MATERIAIS PARA ACONDICION.;SACOS,BOLSAS,SACOLAS E SIMILARES;SACO PLASTICO PARA EMBALAGEM DE POLIPROPILENO,(22 X 32)CM,TRANSPARENT;Rio Pardo; ;23.000,00;13.000,00;100,00;0,320;0,150;10;
2026;31810;FOB    ;FOB    ;11/03/2026 14:31; ; ;16/03/2026 00:00;16/03/2027 00:00;Individual;Vigente;8442665;EQUIPAMENTOS E ARTIGOS DE USO MEDICO, O.;MATERIAIS DE USO TECNICO HOSPITALAR COM.;EMBALAGEM POLIPROP (SMS) 50 X 50 CM G40;Blue Care; ;10.000,00;10.000,00;100,00;1,370;0,300;10;
2026;31810;FOB    ;FOB    ;11/03/2026 14:31; ; ;16/03/2026 00:00;16/03/2027 00:00;Individual;Vigente;8442681;EQUIPAMENTOS E ARTIGOS DE USO MEDICO, O.;MATERIAIS DE USO TECNICO HOSPITALAR COM.;EMBALAGEM POLIPROP (SMS) 100 X 100 CM G60;Blue Care; ;3.000,00;3.000,00;100,00;2,710;1,520;10;
2026;31810;FOB    ;FOB    ;11/03/2026 14:31; ; ;16/03/2026 00:00;16/03/2027 00:00;Individual;Vigente;8526796;EQUIPAMENTOS E ARTIGOS DE USO MEDICO, O.;MATERIAIS DE USO TECNICO HOSPITALAR COM.;AVENTAL DESCARTAVEL DE 30G/M², NA COR BRANCA, ACABAMENTO EM OVERLOCK,;Robisa; ;20.000,00;15.000,00;100,00;3,920;1,580;10;
2026;31810;FOB    ;FOB    ;11/03/2026 14:31; ; ;16/03/2026 00:00;16/03/2027 00:00;Individual;Vigente;8657017;EQUIPAMENTOS E ARTIGOS DE USO MEDICO, O.;MATERIAIS DE USO TECNICO HOSPITALAR COM.;CAMPO CIRURGICO DESCARTAVEL, EM TNT, NAO ESTERIL;Suprimed; ;25.000,00;10.300,00;100,00;1,440;1,000;10;
2026;31810;FOB    ;FOB    ;11/03/2026 14:31; ; ;16/03/2026 00:00;16/03/2027 00:00;Individual;Vigente;9015795;EQUIPAMENTOS E MATERIAIS PARA LIMPEZA,.;UTENSILIOS DE LIMPEZA;PANO MULTI-USO,70%VISCOSE,30%POLIESTER,MED.MIN.28CM LARG.,BRANCO;Inoven; ;250,00;200,00;100,00;92,290;81,250;10;
2026;31810;FOB    ;FOB    ;11/03/2026 14:31; ; ;16/03/2026 00:00;16/03/2027 00:00;Individual;Vigente;9054014;EQUIPAMENTOS E ARTIGOS DE USO MEDICO, O.;MATERIAIS DE USO TECNICO HOSPITALAR COM.;INVOLUCRO DESC. P/ ESTERIL FOLHA 60 X 60;Blue Care; ;8.000,00;8.000,00;100,00;1,260;0,600;10;
2026;31810;FOB    ;FOB    ;11/03/2026 14:31; ; ;16/03/2026 00:00;16/03/2027 00:00;Individual;Vigente;9313176;EQUIPAMENTOS E ARTIGOS DE USO MEDICO, O.;MATERIAIS DE USO TECNICO HOSPITALAR COM.;LENCOL DE PAPEL DESCARTAVEL;Fortclean; ;30,00;20,00;100,00;14,410;12,900;10;
2026;31810;FOB    ;FOB    ;11/03/2026 14:31; ; ;16/03/2026 00:00;16/03/2027 00:00;Individual;Vigente;9616802;RECIPIENTES E MATERIAIS PARA ACONDICION.;SACOS,BOLSAS,SACOLAS E SIMILARES;SACO PLASTICO PARA EMBALAGEM EM POLIETILENO,(40X60)CM,TRANSPARENTE;Rio Pardo; ;5.000,00;0,00;100,00;0,760;0,700;10;
2026;31810;FOB    ;FOB    ;11/03/2026 14:31; ; ;16/03/2026 00:00;16/03/2027 00:00;Individual;Vigente;9660178;RECIPIENTES E MATERIAIS PARA ACONDICION.;SACOS,BOLSAS,SACOLAS E SIMILARES;SACO PLASTICO PARA EMBALAGEM  POLIETILENO,(63 X 80)CM,TRANSP.,50L;Rio Pardo; ;20,00;10,00;100,00;149,000;50,000;10;
2025;155356;FOB    ;FOB    ;27/11/2025 16:05;16/01/2026 15:39;16/01/2026 15:45;15/04/2026 00:00;14/04/2027 00:00;Setorizada;Vigente;5606330;ARTIGOS E UTENSILIOS DE ESCRITORIOS;ARTIGOS PARA ESCRITORIOS;CLIPE DE ACO,PARALELO,NIQUELADO,NUMERO 8/0;BACCHI; ;200,00;200,00;88,50;3,920;3,920;7;
2025;155356;FOB    ;FOB    ;27/11/2025 16:05;16/01/2026 15:39;16/01/2026 15:45;15/04/2026 00:00;14/04/2027 00:00;Setorizada;Vigente;5606853;ARTIGOS E UTENSILIOS DE ESCRITORIOS;ARTIGOS PARA ESCRITORIOS;FITA ADESIVA DE PAPELARIA,CREPE,MEDINDO(19MMX50M),BRANCA;FITPEL; ;500,00;100,00;87,72;10,500;3,860;7;
2025;155356;FOB    ;FOB    ;27/11/2025 16:05;16/01/2026 15:39;16/01/2026 15:45;15/04/2026 00:00;14/04/2027 00:00;Setorizada;Vigente;5607760;ARTIGOS E UTENSILIOS DE ESCRITORIOS;ARTIGOS PARA ESCRITORIOS;ENVELOPE PLASTICO P/PASTA CATALOGO,0,15MICRAS,A4,4 FUROS,TRANSP;EVOLUT; ;200,00;150,00;90,91;35,980;22,330;7;
2025;155356;FOB    ;FOB    ;27/11/2025 16:05;16/01/2026 15:39;16/01/2026 15:45;15/04/2026 00:00;14/04/2027 00:00;Setorizada;Vigente;5614899;ARTIGOS E UTENSILIOS DE ESCRITORIOS;ARTIGOS PARA ESCRITORIOS;CAIXA DE ARQUIVO MORTO,PAPELAO C/KRAFT,(360X250X135)MM,PARDA;GOODIE; ;200,00;200,00;86,96;4,300;2,470;7;
2025;155356;FOB    ;FOB    ;27/11/2025 16:05;16/01/2026 15:39;16/01/2026 15:45;15/04/2026 00:00;14/04/2027 00:00;Setorizada;Vigente;5616999;ARTIGOS E UTENSILIOS DE ESCRITORIOS;MATERIAIS E SUPRIMENTOS DE USO DIDATICO.;ENVELOPE DE PAPELARIA SACO,KRAFT,80G/M2,S/IMPR,(260X360)MM,PARDO;IPE; ;40,00;40,00;100,00;155,000;74,250;7;
2025;155356;FOB    ;FOB    ;27/11/2025 16:05;16/01/2026 15:39;16/01/2026 15:45;15/04/2026 00:00;14/04/2027 00:00;Setorizada;Vigente;5620198;ARTIGOS E UTENSILIOS DE ESCRITORIOS;ARTIGOS PARA ESCRITORIOS;EXTRATOR DE GRAMPOS,ACO INOX,TIPO ESPATULA;CAVIA; ;20,00;20,00;50,00;9,850;1,240;7;
2025;155356;FOB    ;FOB    ;27/11/2025 16:05;16/01/2026 15:39;16/01/2026 15:45;15/04/2026 00:00;14/04/2027 00:00;Setorizada;Vigente;5626757;ARTIGOS E UTENSILIOS DE ESCRITORIOS;MATERIAIS E SUPRIMENTOS DE USO DIDATICO.;PAPEL SULFITE DE PAPELARIA,75G/M2,A4,BRANCO,CORTE ROTATIVO,FSC/CERFLOR;Suzano; ;1.300,00;900,00;65,00;28,800;23,800;7;
2025;155356;FOB    ;FOB    ;27/11/2025 16:05;16/01/2026 15:39;16/01/2026 15:45;15/04/2026 00:00;14/04/2027 00:00;Setorizada;Vigente;5629101;ARTIGOS E UTENSILIOS DE ESCRITORIOS;ARTIGOS PARA ESCRITORIOS;ESTILETE,CABO ABS,ANATOMICO,COM TRAVA,130MM,LAMINA ACO 9MM;MASTER; ;20,00;20,00;100,00;6,000;0,740;7;
2025;155356;FOB    ;FOB    ;27/11/2025 16:05;16/01/2026 15:39;16/01/2026 15:45;15/04/2026 00:00;14/04/2027 00:00;Setorizada;Vigente;5631173;ARTIGOS E UTENSILIOS DE ESCRITORIOS;ARTIGOS PARA ESCRITORIOS;TINTA PARA CARIMBO, NA COR PRETA, 40 ML;BANDER; ;10,00;10,00;43,48;12,020;3,360;7;
2025;155356;FOB    ;FOB    ;27/11/2025 16:05;16/01/2026 15:39;16/01/2026 15:45;15/04/2026 00:00;14/04/2027 00:00;Setorizada;Vigente;5640814;ARTIGOS E UTENSILIOS DE ESCRITORIOS;ARTIGOS PARA ESCRITORIOS;" COBREADO; MEDINDO 26/6;";BRW; ;50,00;50,00;58,14;8,400;4,420;7;
2025;155356;FOB    ;FOB    ;27/11/2025 16:05;16/01/2026 15:39;16/01/2026 15:45;15/04/2026 00:00;14/04/2027 00:00;Setorizada;Vigente;6212514;ARTIGOS E UTENSILIOS DE ESCRITORIOS;ARTIGOS PARA ESCRITORIOS;PASTA C/ ABA E ELASTICO (PAPELAO),CARTAO DUPLO,480G/M2,TAM.OFICIO,VERD;ICL; ;100,00;100,00;100,00;3,300;1,950;7;
2025;155356;FOB    ;FOB    ;27/11/2025 16:05;16/01/2026 15:39;16/01/2026 15:45;15/04/2026 00:00;14/04/2027 00:00;Setorizada;Vigente;6505031;ARTIGOS E UTENSILIOS DE ESCRITORIOS;MATERIAIS E SUPRIMENTOS DE USO DIDATICO.;TESOURA ESCOLAR DE ACO INOXIDAVEL,20CM,CABO PLASTICO,PRETA,P/DESTRO;SCISSORS; ;30,00;18,00;50,00;15,990;5,000;7;
2025;155356;FOB    ;FOB    ;27/11/2025 16:05;16/01/2026 15:39;16/01/2026 15:45;15/04/2026 00:00;14/04/2027 00:00;Setorizada;Vigente;6505074;ARTIGOS E UTENSILIOS DE ESCRITORIOS;MATERIAIS E SUPRIMENTOS DE USO DIDATICO.;LIVRO ATA DE PAPELARIA (205X297)MM VERTICAL,100 FLS,NA COR PRETA;SID; ;15,00;15,00;60,00;15,150;9,500;7;
2025;155356;FOB    ;FOB    ;27/11/2025 16:05;16/01/2026 15:39;16/01/2026 15:45;15/04/2026 00:00;14/04/2027 00:00;Setorizada;Vigente;6798365;CONDUTORES ELETRICOS E EQUIPAMENTOS DE.;BATERIAS NAO RECARREGAVEIS;PILHA TIPO ALCALINA, 1.5V, PALITO (AAA), PRAZO VALIDADE 12(DOZE) MESES;MAXPRINT; ;1.000,00;730,00;75,76;4,200;2,040;7;
2025;155356;FOB    ;FOB    ;27/11/2025 16:05;16/01/2026 15:39;16/01/2026 15:45;15/04/2026 00:00;14/04/2027 00:00;Setorizada;Vigente;7826150;ARTIGOS E UTENSILIOS DE ESCRITORIOS;MATERIAIS E SUPRIMENTOS DE USO DIDATICO.;QUADRO DE AVISO EM CORTICA,(1,00 X 0,70)M,C/MOLDURA EM ALUMINIO;STALO; ;5,00;5,00;100,00;165,950;99,500;7;
2025;155356;FOB    ;FOB    ;27/11/2025 16:05;16/01/2026 15:39;16/01/2026 15:45;15/04/2026 00:00;14/04/2027 00:00;Setorizada;Vigente;7859155;ARTIGOS E UTENSILIOS DE ESCRITORIOS;ARTIGOS PARA ESCRITORIOS;" EM PAPEL OFF-SET, ADESIVO ACRILICO REMOVIVEL E REPOSICIONAVEL, SEM PAUTA, EM BLOCO; MEDINDO (38X51)";BRW; ;50,00;30,00;45,45;3,800;2,970;7;
2025;155356;FOB    ;FOB    ;27/11/2025 16:05;16/01/2026 15:39;16/01/2026 15:45;15/04/2026 00:00;14/04/2027 00:00;Setorizada;Vigente;7860250;ARTIGOS E UTENSILIOS DE ESCRITORIOS;ARTIGOS PARA ESCRITORIOS;lapis,madeira reflorestada,mina preto,envernizado fosco,redondo,nr.2=b;FABER; ;250,00;130,00;52,74;1,500;1,500;7;
2025;155356;FOB    ;FOB    ;27/11/2025 16:05;16/01/2026 15:39;16/01/2026 15:45;15/04/2026 00:00;14/04/2027 00:00;Setorizada;Vigente;7883277;ARTIGOS E UTENSILIOS DE ESCRITORIOS;ARTIGOS PARA ESCRITORIOS;" DE AÇO; FORMATO PARALELO; NIQUELADO; NR. 4/0;";BACCHI; ;200,00;200,00;82,64;4,000;4,000;7;
2025;155356;FOB    ;FOB    ;27/11/2025 16:05;16/01/2026 15:39;16/01/2026 15:45;15/04/2026 00:00;14/04/2027 00:00;Setorizada;Vigente;7931409;ARTIGOS E UTENSILIOS DE ESCRITORIOS;ARTIGOS PARA ESCRITORIOS;" CORPO EM POLIPROPILENO; PONTA DE 2.0MM; NA COR VERMELHA; PARA ESCREVER EM CD/DVD; ACONDICIONADO EM";FUTURO; ;300,00;288,00;96,15;5,170;1,390;7;
2025;155356;FOB    ;FOB    ;27/11/2025 16:05;16/01/2026 15:39;16/01/2026 15:45;15/04/2026 00:00;14/04/2027 00:00;Setorizada;Vigente;7946775;ARTIGOS E UTENSILIOS DE ESCRITORIOS;UTENSILIOS PARA ESCRITORIOS;GRAMPEADOR,MANUAL,TODO ACO INOX,BASE EMBORRACHADA,24/6E26/6,ATé 35FLS;RISOVIT; ;30,00;0,00;50,00;41,600;23,760;7;
2025;155356;FOB    ;FOB    ;27/11/2025 16:05;16/01/2026 15:39;16/01/2026 15:45;15/04/2026 00:00;14/04/2027 00:00;Setorizada;Vigente;8084432;ARTIGOS E UTENSILIOS DE ESCRITORIOS;ARTIGOS PARA ESCRITORIOS;CANETA ESFEROGRAFICA,SEXTAVADA,RESPIRO,CARGA OPACA,0,8,AZUL;BIC; ;700,00;0,00;56,00;1,500;0,700;7;
2025;155356;FOB    ;FOB    ;27/11/2025 16:05;16/01/2026 15:39;16/01/2026 15:45;15/04/2026 00:00;14/04/2027 00:00;Setorizada;Vigente;8085838;ARTIGOS E UTENSILIOS DE ESCRITORIOS;ARTIGOS PARA ESCRITORIOS;FITA ADESIVA DE PAPELARIA,KRAFT LISO,48MMX50M,MARROM,C/RESINA SINTETIC;FITPEL; ;400,00;300,00;88,50;10,500;10,500;7;
2025;155356;FOB    ;FOB    ;27/11/2025 16:05;16/01/2026 15:39;16/01/2026 15:45;15/04/2026 00:00;14/04/2027 00:00;Setorizada;Vigente;8182957;ARTIGOS E UTENSILIOS DE ESCRITORIOS;ARTIGOS PARA ESCRITORIOS;CANETA ESFEROGRAFICA,SEXTAVADA,RESPIRO,CARGA TRANSPARENTE,0,8MM,PRETA;BIC; ;300,00;0,00;85,71;1,700;0,700;7;
2025;155356;FOB    ;FOB    ;27/11/2025 16:05;16/01/2026 15:39;16/01/2026 15:45;15/04/2026 00:00;14/04/2027 00:00;Setorizada;Vigente;8210675;ARTIGOS E UTENSILIOS DE ESCRITORIOS;ARTIGOS PARA ESCRITORIOS;" POLIPROPILENO; MEDINDO (48MMX45M); TRANSPARENTE;";FITPEL; ;100,00;0,00;90,91;20,360;2,920;7;
2025;155356;FOB    ;FOB    ;27/11/2025 16:05;16/01/2026 15:39;16/01/2026 15:45;15/04/2026 00:00;14/04/2027 00:00;Setorizada;Vigente;8287104;ARTIGOS E UTENSILIOS DE ESCRITORIOS;ARTIGOS PARA ESCRITORIOS;" DE ACO; FORMATO PARALELO; NIQUELADO; NR. 0;";BACCHI; ;200,00;200,00;81,97;4,370;2,800;7;
2025;155356;FOB    ;FOB    ;27/11/2025 16:05;16/01/2026 15:39;16/01/2026 15:45;15/04/2026 00:00;14/04/2027 00:00;Setorizada;Vigente;8291209;ARTIGOS E UTENSILIOS DE ESCRITORIOS;ARTIGOS PARA ESCRITORIOS;" POLIPROPILENO; 19MMX50M; TRANSPARENTE; COMUM;";FITPEL; ;200,00;200,00;86,96;10,090;2,000;7;
2025;155356;FOB    ;FOB    ;27/11/2025 16:05;16/01/2026 15:39;16/01/2026 15:45;15/04/2026 00:00;14/04/2027 00:00;Setorizada;Vigente;8293104;ARTIGOS E UTENSILIOS DE ESCRITORIOS;ARTIGOS PARA ESCRITORIOS;" DE POLIETILENO, COM ESPESSURA MINIMA DE 0,20 MICRAS; TAMANHO OFICIO; NA COR CRISTAL;";ACP; ;300,00;80,00;56,60;1,090;0,590;7;
2025;155356;FOB    ;FOB    ;27/11/2025 16:05;16/01/2026 15:39;16/01/2026 15:45;15/04/2026 00:00;14/04/2027 00:00;Setorizada;Vigente;8321124;ARTIGOS E UTENSILIOS DE ESCRITORIOS;ARTIGOS PARA ESCRITORIOS;ESTILETE,CABO PLAST.RIG.LAMINA ACO CARB.LARGA,18MM;ADAM; ;20,00;20,00;50,00;11,900;0,980;7;
2025;155356;FOB    ;FOB    ;27/11/2025 16:05;16/01/2026 15:39;16/01/2026 15:45;15/04/2026 00:00;14/04/2027 00:00;Setorizada;Vigente;8402450;ARTIGOS E UTENSILIOS DE ESCRITORIOS;ARTIGOS PARA ESCRITORIOS;CORRETIVO LIQUIDO,BASE DE AGUA,ATOXICO,FRASCO 18ML,P/PAPEL RECICLADO;MAKE; ;50,00;50,00;49,02;7,990;1,530;7;
2025;155356;FOB    ;FOB    ;27/11/2025 16:05;16/01/2026 15:39;16/01/2026 15:45;15/04/2026 00:00;14/04/2027 00:00;Setorizada;Vigente;8457077;ARTIGOS E UTENSILIOS DE ESCRITORIOS;MATERIAIS E SUPRIMENTOS DE USO DIDATICO.;CADERNO ESPIRAL UNIVER.,GALVANIZADO,CAPA 1 COR,96FLS;Tamoio; ;50,00;38,00;80,65;14,900;14,000;7;
2025;155356;FOB    ;FOB    ;27/11/2025 16:05;16/01/2026 15:39;16/01/2026 15:45;15/04/2026 00:00;14/04/2027 00:00;Setorizada;Vigente;8595259;RECIPIENTES E MATERIAIS PARA ACONDICION.;MATERIAIS A GRANEL PARA EMBALAGENS E AC.;PAPEL KRAFT PURO,FOLHA,420G/M2,(66X96)CM,COR PARDA;Klabin; ;50,00;30,00;100,00;65,100;65,100;7;
2025;155356;FOB    ;FOB    ;27/11/2025 16:05;16/01/2026 15:39;16/01/2026 15:45;15/04/2026 00:00;14/04/2027 00:00;Setorizada;Vigente;8603642;CONDUTORES ELETRICOS E EQUIPAMENTOS DE.;BATERIAS NAO RECARREGAVEIS;pilha alcalina, 1.5v, tamanho medio (c);MAXPRINT; ;50,00;20,00;62,50;19,000;8,380;7;
2025;155356;FOB    ;FOB    ;27/11/2025 16:05;16/01/2026 15:39;16/01/2026 15:45;15/04/2026 00:00;14/04/2027 00:00;Setorizada;Vigente;8711356;ARTIGOS E UTENSILIOS DE ESCRITORIOS;UTENSILIOS PARA ESCRITORIOS;PERFURADOR PARA PAPEL,ESTRUTURA METALICA,CAPAC.30FLS.2 VAZADORES,CINZ;MASTERPRINT; ;10,00;0,00;32,26;73,830;29,430;7;
2025;155356;FOB    ;FOB    ;27/11/2025 16:05;16/01/2026 15:39;16/01/2026 15:45;15/04/2026 00:00;14/04/2027 00:00;Setorizada;Vigente;8752303;ARTIGOS E UTENSILIOS DE ESCRITORIOS;ARTIGOS PARA ESCRITORIOS;PINCEL P/ QUADRO BRANCO,PRETO,PONTA MACIA,ESCRITA 2.3MM,RECARREGAVEL;MAKE; ;60,00;36,00;62,50;14,080;4,640;7;
2025;155356;FOB    ;FOB    ;27/11/2025 16:05;16/01/2026 15:39;16/01/2026 15:45;15/04/2026 00:00;14/04/2027 00:00;Setorizada;Vigente;8752311;ARTIGOS E UTENSILIOS DE ESCRITORIOS;ARTIGOS PARA ESCRITORIOS;PINCEL P/ QUADRO BRANCO,VERMELHA,PONT.MACIA,ESCRITA 2.3MM,RECARREGAVE;MAKE; ;60,00;36,00;62,50;14,000;4,850;7;
2025;155356;FOB    ;FOB    ;27/11/2025 16:05;16/01/2026 15:39;16/01/2026 15:45;15/04/2026 00:00;14/04/2027 00:00;Setorizada;Vigente;8752320;ARTIGOS E UTENSILIOS DE ESCRITORIOS;ARTIGOS PARA ESCRITORIOS;PINCEL P/ QUADRO BRANCO,AZUL,PONTA MACIA,ESCRITA 2.3MM,RECARREGAVEL;MAKE; ;60,00;36,00;62,50;14,000;5,030;7;
2025;155356;FOB    ;FOB    ;27/11/2025 16:05;16/01/2026 15:39;16/01/2026 15:45;15/04/2026 00:00;14/04/2027 00:00;Setorizada;Vigente;8752338;ARTIGOS E UTENSILIOS DE ESCRITORIOS;ARTIGOS PARA ESCRITORIOS;PINCEL P/ QUADRO BRANCO,VERDE,PONTA MACIA,ESCRITA 2.3MM,RECARREGAVEL;MAKE; ;60,00;36,00;62,50;18,490;5,030;7;
2025;155356;FOB    ;FOB    ;27/11/2025 16:05;16/01/2026 15:39;16/01/2026 15:45;15/04/2026 00:00;14/04/2027 00:00;Setorizada;Vigente;8781397;ARTIGOS E UTENSILIOS DE ESCRITORIOS;ARTIGOS PARA ESCRITORIOS;CANETA PERMANENTE, PONTA COM 2.00MM NA COR AZUL;FUTURO; ;300,00;252,00;96,15;2,510;1,430;7;
2025;155356;FOB    ;FOB    ;27/11/2025 16:05;16/01/2026 15:39;16/01/2026 15:45;15/04/2026 00:00;14/04/2027 00:00;Setorizada;Vigente;8838666;ARTIGOS E UTENSILIOS DE ESCRITORIOS;UTENSILIOS PARA ESCRITORIOS;prancheta portatil, em madeira revestida com formica, medindo 350x230mm, cor branca;STALO; ;30,00;18,00;100,00;9,300;9,300;7;
2025;155356;FOB    ;FOB    ;27/11/2025 16:05;16/01/2026 15:39;16/01/2026 15:45;15/04/2026 00:00;14/04/2027 00:00;Setorizada;Vigente;8877874;ARTIGOS E UTENSILIOS DE ESCRITORIOS;UTENSILIOS PARA ESCRITORIOS;PORTA FOLHA,PS,CRISTAL TRANSPARENTE,A4,SANDUICHE,PAREDE,VERTICAL;MAXCRIL; ;30,00;0,00;100,00;16,500;12,860;7;
2025;155356;FOB    ;FOB    ;27/11/2025 16:05;16/01/2026 15:39;16/01/2026 15:45;15/04/2026 00:00;14/04/2027 00:00;Setorizada;Vigente;9121951;CONDUTORES ELETRICOS E EQUIPAMENTOS DE.;BATERIAS NAO RECARREGAVEIS;BATERIA BOTAO, CR2032, ECOLOGICA;MAXPRINT; ;50,00;50,00;62,50;18,640;0,970;7;
2025;155356;FOB    ;FOB    ;27/11/2025 16:05;16/01/2026 15:39;16/01/2026 15:45;15/04/2026 00:00;14/04/2027 00:00;Setorizada;Vigente;9165177;ARTIGOS E UTENSILIOS DE ESCRITORIOS;UTENSILIOS PARA ESCRITORIOS;PORTA FITA ADESIVA,MESA,2 E 1-, FITA PEQUENA E GRANDE;FUTURO; ;15,00;5,00;100,00;30,020;30,020;7;
2025;155356;FOB    ;FOB    ;27/11/2025 16:05;16/01/2026 15:39;16/01/2026 15:45;15/04/2026 00:00;14/04/2027 00:00;Setorizada;Vigente;9169300;ARTIGOS E UTENSILIOS DE ESCRITORIOS;ARTIGOS PARA ESCRITORIOS;cola liquida,multiuso,tubo,5grs,c/cianocrilato,transp.,seca rapido;RENDCOLA; ;200,00;188,00;100,00;12,580;3,940;7;
2025;155356;FOB    ;FOB    ;27/11/2025 16:05;16/01/2026 15:39;16/01/2026 15:45;15/04/2026 00:00;14/04/2027 00:00;Setorizada;Vigente;9189254;ARTIGOS E UTENSILIOS DE ESCRITORIOS;ARTIGOS PARA ESCRITORIOS;CANETA MARCA TEXTO, EM POLIPROPILENO OPACO, PONTA 3 A 5 MM, AMARELA;MAXPRINT; ;200,00;104,00;66,67;10,350;0,780;7;
2025;155356;FOB    ;FOB    ;27/11/2025 16:05;16/01/2026 15:39;16/01/2026 15:45;15/04/2026 00:00;14/04/2027 00:00;Setorizada;Vigente;9207040;ARTIGOS E UTENSILIOS DE ESCRITORIOS;ARTIGOS PARA ESCRITORIOS;APONTADOR PARA LAPIS,POLIESTIRENO,SIMPLES,C/DEPOSITO,(2X4)CM;FUTURO; ;20,00;0,00;66,67;5,540;0,640;7;
2025;155356;FOB    ;FOB    ;27/11/2025 16:05;16/01/2026 15:39;16/01/2026 15:45;15/04/2026 00:00;14/04/2027 00:00;Setorizada;Vigente;9223894;ARTIGOS E UTENSILIOS DE ESCRITORIOS;MATERIAIS E SUPRIMENTOS DE USO DIDATICO.;ENVELOPE DE PAPELARIA,RECICLADO,90G/M2,SACO,S/RPC,260X360MM,ABA,NATURA;POLIBRAS; ;20,00;10,00;100,00;285,000;99,000;7;
2025;155356;FOB    ;FOB    ;27/11/2025 16:05;16/01/2026 15:39;16/01/2026 15:45;15/04/2026 00:00;14/04/2027 00:00;Setorizada;Vigente;9438378;ARTIGOS E UTENSILIOS DE ESCRITORIOS;MATERIAIS E SUPRIMENTOS DE USO DIDATICO.;QUADRO NAO MAGNETICO,FIBRA MAD,BCO,MOLD.ALUM,(1,20X0,90)M,C/FIX,SUPORT;STALO; ;5,00;5,00;100,00;231,990;157,590;7;
2025;155356;FOB    ;FOB    ;27/11/2025 16:05;16/01/2026 15:39;16/01/2026 15:45;15/04/2026 00:00;14/04/2027 00:00;Setorizada;Vigente;9541004;ARTIGOS E UTENSILIOS DE ESCRITORIOS;ARTIGOS PARA ESCRITORIOS;CORRETIVO DE PAPELARIA,FITA,ROLLER,4,2MMX12M;MASTER; ;100,00;56,00;100,00;14,250;2,970;7;
2025;155356;FOB    ;FOB    ;27/11/2025 16:05;16/01/2026 15:39;16/01/2026 15:45;15/04/2026 00:00;14/04/2027 00:00;Setorizada;Vigente;9545921;ARTIGOS E UTENSILIOS DE ESCRITORIOS;ARTIGOS PARA ESCRITORIOS;COLA BASTAO,BASTAO,LAVAVEL,ATOXICA,GLICERINA/AGUA,BASTAO,BRANCA,INMETR;FUTURO; ;200,00;140,00;69,93;7,070;0,720;7;
2025;155356;FOB    ;FOB    ;27/11/2025 16:05;16/01/2026 15:39;16/01/2026 15:45;15/04/2026 00:00;14/04/2027 00:00;Setorizada;Vigente;9550348;ARTIGOS E UTENSILIOS DE ESCRITORIOS;ARTIGOS PARA ESCRITORIOS;CANETA ESFEROGRAFICA,RESINA TERMOP.,SEXTAVADA,1MM,RESPIRO,1700M,VERMEL;BIC; ;300,00;300,00;85,71;1,400;0,700;7;
2025;155356;FOB    ;FOB    ;27/11/2025 16:05;16/01/2026 15:39;16/01/2026 15:45;15/04/2026 00:00;14/04/2027 00:00;Setorizada;Vigente;9629998;CONDUTORES ELETRICOS E EQUIPAMENTOS DE.;BATERIAS NAO RECARREGAVEIS;PILHA ALCALINA, TAMANHO AA, 1.5V;MAXPRINT; ;1.000,00;680,00;79,37;5,310;2,600;7;
2025;155356;FOB    ;FOB    ;27/11/2025 16:05;16/01/2026 15:39;16/01/2026 15:45;15/04/2026 00:00;14/04/2027 00:00;Setorizada;Vigente;9652442;CONDUTORES ELETRICOS E EQUIPAMENTOS DE.;BATERIAS NAO RECARREGAVEIS;PILHA ALCALINA 6LR, 9V, RETANGULAR;MAXPRINT; ;150,00;126,00;71,43;15,440;6,480;7;
2025;155356;FOB    ;FOB    ;27/11/2025 16:05;16/01/2026 15:39;16/01/2026 15:45;15/04/2026 00:00;14/04/2027 00:00;Setorizada;Vigente;9683372;ARTIGOS E UTENSILIOS DE ESCRITORIOS;ARTIGOS PARA ESCRITORIOS;PASTA C/ABA E ELASTICO (PLASTICO),PP,0,80MM ESP.,50MM,OFICIO,TRANSPAR.;POLIBRAS; ;100,00;0,00;90,91;6,900;3,640;7;
2025;155356;FOB    ;FOB    ;27/11/2025 16:05;16/01/2026 15:39;16/01/2026 15:45;15/04/2026 00:00;14/04/2027 00:00;Setorizada;Vigente;9687505;ARTIGOS E UTENSILIOS DE ESCRITORIOS;ARTIGOS PARA ESCRITORIOS;RECADO AUTO ADESIVO,C/RECICLADO,ADESIVO VEGETAL,76X76CM,AMARELO;BRW; ;30,00;0,00;75,00;10,680;1,750;7;
2025;155356;FOB    ;FOB    ;27/11/2025 16:05;16/01/2026 15:39;16/01/2026 15:45;15/04/2026 00:00;14/04/2027 00:00;Setorizada;Vigente;9687556;ARTIGOS E UTENSILIOS DE ESCRITORIOS;MATERIAIS E SUPRIMENTOS DE USO DIDATICO.;QUADRO DE AVISO, FELTRO VERDE, 1,50 X 0,80M;STALO; ;5,00;5,00;100,00;200,000;166,590;7;
2025;155356;FOB    ;FOB    ;27/11/2025 16:05;16/01/2026 15:39;16/01/2026 15:45;15/04/2026 00:00;14/04/2027 00:00;Setorizada;Vigente;9771611;MOBILIARIOS EM GERAL;MOBILIARIOS DE ESCRITORIO;SUPORTE MONITOR MDF DE MESA;SOUZA; ;30,00;0,00;100,00;93,890;89,550;7;
2025;155356;FOB    ;FOB    ;27/11/2025 16:05;16/01/2026 15:39;16/01/2026 15:45;15/04/2026 00:00;14/04/2027 00:00;Setorizada;Vigente;9816267;ARTIGOS E UTENSILIOS DE ESCRITORIOS;ARTIGOS PARA ESCRITORIOS;REGUA DE USO ESCOLAR/ESCRITORIO,RETA,PS,30CM,CENTIM./MILIM.CRISTAL;MAXCRIL; ;20,00;0,00;50,00;4,760;0,940;7;
2025;155356;FOB    ;FOB    ;27/11/2025 16:05;16/01/2026 15:39;16/01/2026 15:45;15/04/2026 00:00;14/04/2027 00:00;Setorizada;Vigente;9816275;ARTIGOS E UTENSILIOS DE ESCRITORIOS;MATERIAIS E SUPRIMENTOS DE USO DIDATICO.;APAGADOR DE QUADRO E LOUSA,QUADRO BCO,PP,PRETO,DEPOS.EXTERNO,CAMURCA;BANDER; ;20,00;15,00;76,92;16,040;4,110;7;
2025;155356;FOB    ;FOB    ;27/11/2025 16:05;16/01/2026 15:39;16/01/2026 15:45;15/04/2026 00:00;14/04/2027 00:00;Setorizada;Vigente;9872833;ARTIGOS E UTENSILIOS DE ESCRITORIOS;ARTIGOS PARA ESCRITORIOS;cola de papelaria,liquida,isopor,tecido,papel,etc.,branca,atoxica;PIRATININGA; ;100,00;88,00;90,91;9,990;1,850;7;
2025;155356;FOB    ;FOB    ;27/11/2025 16:05;16/01/2026 15:39;16/01/2026 15:45;15/04/2026 00:00;14/04/2027 00:00;Setorizada;Vigente;10040609;ARTIGOS E UTENSILIOS DE ESCRITORIOS;UTENSILIOS PARA ESCRITORIOS;GAVETEIRO PLASTICO 3 GAVETAS 22X27X18CM;ORDENE; ;10,00;10,00;100,00;29,910;29,910;7;
2025;155356;FOB    ;FOB    ;27/11/2025 16:05;16/01/2026 15:39;16/01/2026 15:45;15/04/2026 00:00;14/04/2027 00:00;Setorizada;Vigente;10113037;ARTIGOS E UTENSILIOS DE ESCRITORIOS;MATERIAIS E SUPRIMENTOS DE USO DIDATICO.;AGENDA EXECUTIVA/COMERCIAL,2024,COSTUR.,DIARIA,(134X192)MM,DIARIA,PRET;Tilibra;Napoli;31,00;31,00;50,82;50,750;38,000;7;
2026;94774;FOB    ;FOB    ;12/07/2026 15:41; ; ;12/07/2026 00:00;12/07/2027 00:00;Individual;Vigente;5893348;EQUIPAMENTOS E ARTIGOS DE USO MEDICO, O.;INSUMOS DE USO ODONTOLOGICO COM NOTIFIC.;ELASTOMERO ODONT.SILICONE CONDENS.EXTRADURO P/LABORAT.,POTE C/900G;ZHERMACK;ZHERMACK;20,00;15,00;100,00;277,550;181,440;7;
2026;94774;FOB    ;FOB    ;12/07/2026 15:41; ; ;12/07/2026 00:00;12/07/2027 00:00;Individual;Vigente;5948487;EQUIPAMENTOS E ARTIGOS DE USO MEDICO, O.;INSUMOS DE USO ODONTOLOGICO COM NOTIFIC.;RES.COMP.FOTO,NANOPARTIC.,REP.FILTEK Z350 XT,COR A3E,RADIOPACA,SER.4G;ULTRADENT;ULTRADENT;20,00;10,00;100,00;297,000;77,310;7;
2026;94774;FOB    ;FOB    ;12/07/2026 15:41; ; ;12/07/2026 00:00;12/07/2027 00:00;Individual;Vigente;5948525;EQUIPAMENTOS E ARTIGOS DE USO MEDICO, O.;INSUMOS DE USO ODONTOLOGICO COM NOTIFIC.;RES.COMP.FOTO,NANOPARTIC.,REP.FILTEK Z350 XT,COR B1E,RADIOPACA,SER.4G;ULTRADENT;ULTRADENT;20,00;20,00;100,00;297,000;77,310;7;
2026;94774;FOB    ;FOB    ;12/07/2026 15:41; ; ;12/07/2026 00:00;12/07/2027 00:00;Individual;Vigente;5948550;EQUIPAMENTOS E ARTIGOS DE USO MEDICO, O.;INSUMOS DE USO ODONTOLOGICO COM NOTIFIC.;RES.COMP.FOTO,NANOPARTIC.,REP.FILTEK Z350 XT,COR A3B,RADIOPACA,SER.4G;ULTRADENT;ULTRADENT;30,00;30,00;100,00;297,000;77,310;7;
2026;94774;FOB    ;FOB    ;12/07/2026 15:41; ; ;12/07/2026 00:00;12/07/2027 00:00;Individual;Vigente;5949050;EQUIPAMENTOS E ARTIGOS DE USO MEDICO, O.;INSUMOS DE USO ODONTOLOGICO COM NOTIFIC.;RES.COMP.FOTO,NANOPARTIC.,REP.FILTEK Z350 XT,COR C2B,RADIOPACA,SER.4G;ULTRADENT;ULTRADENT;20,00;20,00;100,00;297,000;77,310;7;
2026;94774;FOB    ;FOB    ;12/07/2026 15:41; ; ;12/07/2026 00:00;12/07/2027 00:00;Individual;Vigente;5949130;EQUIPAMENTOS E ARTIGOS DE USO MEDICO, O.;INSUMOS DE USO ODONTOLOGICO COM NOTIFIC.;RES.COMP.FOTO,NANOPARTIC.,REP.FILTEK Z350 XT,COR B2E,RADIOPACA,SER.4G;ULTRADENT;ULTRADENT;20,00;20,00;100,00;297,000;77,310;7;
2026;94774;FOB    ;FOB    ;12/07/2026 15:41; ; ;12/07/2026 00:00;12/07/2027 00:00;Individual;Vigente;5953499;EQUIPAMENTOS E ARTIGOS DE USO MEDICO, O.;INSUMOS DE USO ODONTOLOGICO COM NOTIFIC.;RES.COMP.FOTO,NANOPARTIC.,REP.FILTEK Z350 XT,COR A1B,RADIOPACA,SER.4G;ULTRADENT;ULTRADENT;20,00;20,00;100,00;297,000;77,310;7;
2026;94774;FOB    ;FOB    ;12/07/2026 15:41; ; ;12/07/2026 00:00;12/07/2027 00:00;Individual;Vigente;6148255;EQUIPAMENTOS E ARTIGOS DE USO MEDICO, O.;INSUMOS DE USO ODONTOLOGICO COM NOTIFIC.;SISTEMA ADESIVO,FOTOPOLIM.,AUTOCONDICION.,REPOS.SINGLE BOND UNIVERSAL;3M SOLVENTUM;3M SOLVENTUM;70,00;50,00;100,00;302,480;147,940;7;
2026;94774;FOB    ;FOB    ;12/07/2026 15:41; ; ;12/07/2026 00:00;12/07/2027 00:00;Individual;Vigente;6201920;EQUIPAMENTOS E ARTIGOS DE USO MEDICO, O.;INSUMOS DE USO ODONTOLOGICO COM NOTIFIC.;IONOMERO DE VIDRO RESTAURACAO,FOTO,LIQ.8ML,REPOSICAO DO VITREMER;3M SOLVENTUM;3M SOLVENTUM;20,00;20,00;100,00;461,340;293,480;7;
2026;94774;FOB    ;FOB    ;12/07/2026 15:41; ; ;12/07/2026 00:00;12/07/2027 00:00;Individual;Vigente;6201962;EQUIPAMENTOS E ARTIGOS DE USO MEDICO, O.;INSUMOS DE USO ODONTOLOGICO COM NOTIFIC.;IONOMERO DE VIDRO RESTAURACAO,FOTO,PRIMER 6,5ML,REP.VITREMER;3M SOLVENTUM;3M SOLVENTUM;15,00;10,00;100,00;370,490;243,940;7;
2026;94774;FOB    ;FOB    ;12/07/2026 15:41; ; ;12/07/2026 00:00;12/07/2027 00:00;Individual;Vigente;6207189;EQUIPAMENTOS E ARTIGOS DE USO MEDICO, O.;INSUMOS DE USO ODONTOLOGICO COM NOTIFIC.;RES.COMP.FOTO,NANOPARTIC.,REP.FILTEK Z350 XT,COR A3D,RADIOPACA,SER.4G;ULTRADENT;ULTRADENT;30,00;30,00;100,00;297,000;77,310;7;
2026;94774;FOB    ;FOB    ;12/07/2026 15:41; ; ;12/07/2026 00:00;12/07/2027 00:00;Individual;Vigente;6222129;EQUIPAMENTOS E ARTIGOS DE USO MEDICO, O.;INSUMOS DE USO ODONTOLOGICO COM NOTIFIC.;IONOM.DE VIDRO,P/RESTAUR.,FOTO,REPOS.DO GLAZE VITREMER,1FRASCO 6,5ML;3M SOLVENTUM;3M SOLVENTUM;15,00;15,00;100,00;266,060;161,330;7;
2026;94774;FOB    ;FOB    ;12/07/2026 15:41; ; ;12/07/2026 00:00;12/07/2027 00:00;Individual;Vigente;8364427;EQUIPAMENTOS E ARTIGOS DE USO MEDICO, O.;INSUMOS DE USO ODONTOLOGICO COM NOTIFIC.;" A BASE DE POLIETER; CONJUNTO COM PASTA BASE, CATALISADOR E BLOCO DE ESPATULACAO (AUTOMISTURA); REPO";3M SOLVENTUM;3M SOLVENTUM;20,00;10,00;100,00;914,990;575,330;7;
2026;94774;FOB    ;FOB    ;12/07/2026 15:41; ; ;12/07/2026 00:00;12/07/2027 00:00;Individual;Vigente;8542694;EQUIPAMENTOS E ARTIGOS DE USO MEDICO, O.;INSUMOS DE USO ODONTOLOGICO COM NOTIFIC.;RES.COMPOSTAS,FOTO,NANOHIBRIDA,COR A1,REPOS.FILTEK BULK FILL;FGM;FGM;25,00;25,00;100,00;275,990;122,010;7;
2026;94774;FOB    ;FOB    ;12/07/2026 15:41; ; ;12/07/2026 00:00;12/07/2027 00:00;Individual;Vigente;8542716;EQUIPAMENTOS E ARTIGOS DE USO MEDICO, O.;INSUMOS DE USO ODONTOLOGICO COM NOTIFIC.;RES.COMPOSTAS,FOTO,NANOHIBRIDA,COR B1,REPOS.FILTEK BULK FI;3M SOLVENTUM;3M SOLVENTUM;20,00;20,00;100,00;275,990;275,990;7;
2026;94774;FOB    ;FOB    ;12/07/2026 15:41; ; ;12/07/2026 00:00;12/07/2027 00:00;Individual;Vigente;8542791;EQUIPAMENTOS E ARTIGOS DE USO MEDICO, O.;INSUMOS DE USO ODONTOLOGICO COM NOTIFIC.;ELASTOMERO,SILIC.ADICAO DENSO,REPOSICAO EXPRESS XT (BASE+CATALISADOR);3M SOLVENTUM;3M SOLVENTUM;30,00;15,00;100,00;613,940;372,850;7;
2026;94774;FOB    ;FOB    ;12/07/2026 15:41; ; ;12/07/2026 00:00;12/07/2027 00:00;Individual;Vigente;8609896;EQUIPAMENTOS E ARTIGOS DE USO MEDICO, O.;INSUMOS DE USO ODONTOLOGICO COM NOTIFIC.;CONDICIONADOR DE ESMALTE,GEL,AC.FOSF.37%,SERINGA 2,5 ML;BIODINÂMICA;BIODINÂMICA;150,00;140,00;100,00;12,450;5,940;7;
2026;94774;FOB    ;FOB    ;12/07/2026 15:41; ; ;12/07/2026 00:00;12/07/2027 00:00;Individual;Vigente;8615560;EQUIPAMENTOS E ARTIGOS DE USO MEDICO, O.;INSUMOS DE USO ODONTOLOGICO COM NOTIFIC.;RES.COMP.FOTO,NANOPARTIC.,REP.FILTEK Z350 XT,COR C1B,RADIOPACA,SER.4;ULTRADENT;ULTRADENT;20,00;20,00;100,00;297,000;77,310;7;
2026;94774;FOB    ;FOB    ;12/07/2026 15:41; ; ;12/07/2026 00:00;12/07/2027 00:00;Individual;Vigente;8687498;EQUIPAMENTOS E ARTIGOS DE USO MEDICO, O.;INSUMOS DE USO ODONTOLOGICO COM NOTIFIC.;CLAREADOR DENTAL,KIT PEROX.HIDROG.A 35%,2 G NEUTR.2G BARR.GENG.,6 PT;FGM;FGM;25,00;25,00;100,00;277,000;110,600;7;
2026;94774;FOB    ;FOB    ;12/07/2026 15:41; ; ;12/07/2026 00:00;12/07/2027 00:00;Individual;Vigente;8732922;EQUIPAMENTOS E ARTIGOS DE USO MEDICO, O.;INSUMOS DE USO ODONTOLOGICO COM NOTIFIC.;elastomero odont.,gel catalisador,reposicao indurent gel,bisnaga 60ml;ZHERMACK;ZHERMACK;50,00;50,00;100,00;114,990;85,660;7;
2026;94774;FOB    ;FOB    ;12/07/2026 15:41; ; ;12/07/2026 00:00;12/07/2027 00:00;Individual;Vigente;8775737;EQUIPAMENTOS E ARTIGOS DE USO MEDICO, O.;INSUMOS DE USO ODONTOLOGICO COM NOTIFIC.;IONOM.VIDRO P/FORRAM.FOTO,KIT:PO(9G)+LIQ(5,5ML)+MED.+BLOCO PAPEL;SDI;SDI;30,00;30,00;100,00;228,000;228,000;7;
2026;94774;FOB    ;FOB    ;12/07/2026 15:41; ; ;12/07/2026 00:00;12/07/2027 00:00;Individual;Vigente;8775745;EQUIPAMENTOS E ARTIGOS DE USO MEDICO, O.;INSUMOS DE USO ODONTOLOGICO COM NOTIFIC.;res.comp.foto,nanopartic.,rep.filtek z350 xt,cor a2d,radiopaca,ser.4g;ULTRADENT;ULTRADENT;30,00;30,00;100,00;297,000;77,310;7;
2026;94774;FOB    ;FOB    ;12/07/2026 15:41; ; ;12/07/2026 00:00;12/07/2027 00:00;Individual;Vigente;8777403;EQUIPAMENTOS E ARTIGOS DE USO MEDICO, O.;INSUMOS DE USO ODONTOLOGICO COM NOTIFIC.;elast.odont.silicone adicao,kit:250ml base+250ml cataliz.+50ml fluido;3M SOLVENTUM;3M SOLVENTUM;30,00;20,00;100,00;367,330;319,420;7;
2026;94774;FOB    ;FOB    ;12/07/2026 15:41; ; ;12/07/2026 00:00;12/07/2027 00:00;Individual;Vigente;8786801;EQUIPAMENTOS E ARTIGOS DE USO MEDICO, O.;INSUMOS DE USO ODONTOLOGICO COM NOTIFIC.;elastomero odont.,gel catalisador,reposicao indurent gel,bisnaga 60ml;KULZER;KULZER;90,00;85,00;100,00;97,150;50,970;7;
2026;94774;FOB    ;FOB    ;12/07/2026 15:41; ; ;12/07/2026 00:00;12/07/2027 00:00;Individual;Vigente;8789517;EQUIPAMENTOS E ARTIGOS DE USO MEDICO, O.;INSUMOS DE USO ODONTOLOGICO COM NOTIFIC.;res.comp.foto,nanopartic.,rep.filtek z350 xt,cor a1e,radiopaca,ser.4g;ULTRADENT;ULTRADENT;20,00;20,00;100,00;297,000;77,310;7;
2026;94774;FOB    ;FOB    ;12/07/2026 15:41; ; ;12/07/2026 00:00;12/07/2027 00:00;Individual;Vigente;8789525;EQUIPAMENTOS E ARTIGOS DE USO MEDICO, O.;INSUMOS DE USO ODONTOLOGICO COM NOTIFIC.;res.comp.foto,nanopartic.,rep.filtek z350 xt,cor a1d,radiopaca,ser.4g;ULTRADENT;ULTRADENT;20,00;20,00;100,00;297,000;77,310;7;
2026;94774;FOB    ;FOB    ;12/07/2026 15:41; ; ;12/07/2026 00:00;12/07/2027 00:00;Individual;Vigente;8896623;EQUIPAMENTOS E ARTIGOS DE USO MEDICO, O.;INSUMOS DE USO ODONTOLOGICO COM NOTIFIC.;REEMBASADOR DE PROTESE ODONTOLOGICA,REPOSIÇÃO COE/SOFT/GC AMERICA;GC;GC;25,00;25,00;100,00;519,900;422,090;7;
2026;94774;FOB    ;FOB    ;12/07/2026 15:41; ; ;12/07/2026 00:00;12/07/2027 00:00;Individual;Vigente;8898090;EQUIPAMENTOS E ARTIGOS DE USO MEDICO, O.;INSUMOS DE USO ODONTOLOGICO COM NOTIFIC.;ELASTOMERO ODONTOL.,REPOSIÇÃO ORANWASH FLUIDO/PASTA BASE FLUIDA/140ML;KULZER;KULZER;60,00;60,00;100,00;110,200;46,290;7;
2026;94774;FOB    ;FOB    ;12/07/2026 15:41; ; ;12/07/2026 00:00;12/07/2027 00:00;Individual;Vigente;8901511;EQUIPAMENTOS E ARTIGOS DE USO MEDICO, O.;INSUMOS DE USO ODONTOLOGICO COM NOTIFIC.;CONDICIONADOR DE ESMALTE, REPOSIÇÃO RIVA CONDITIONER,FRASCO 10 ML;SDI;SDI;35,00;35,00;100,00;115,000;79,880;7;
2026;94774;FOB    ;FOB    ;12/07/2026 15:41; ; ;12/07/2026 00:00;12/07/2027 00:00;Individual;Vigente;8901635;EQUIPAMENTOS E ARTIGOS DE USO MEDICO, O.;INSUMOS DE USO ODONTOLOGICO COM NOTIFIC.;RESINAS COMPOSTAS,FOTO,NANOPARTIC.,COR A2, REPOS.FILTEK ONE BULK FILL;FGM;FGM;25,00;15,00;100,00;275,990;122,010;7;
2026;94774;FOB    ;FOB    ;12/07/2026 15:41; ; ;12/07/2026 00:00;12/07/2027 00:00;Individual;Vigente;8901643;EQUIPAMENTOS E ARTIGOS DE USO MEDICO, O.;INSUMOS DE USO ODONTOLOGICO COM NOTIFIC.;RESINAS COMPOSTAS,FOTO,NANOP.COR A3,REPOS.FILTEK ONE BULK FILL;FGM;FGM;25,00;25,00;100,00;275,990;122,630;7;
2026;94774;FOB    ;FOB    ;12/07/2026 15:41; ; ;12/07/2026 00:00;12/07/2027 00:00;Individual;Vigente;8969868;EQUIPAMENTOS E ARTIGOS DE USO MEDICO, O.;INSUMOS DE USO ODONTOLOGICO COM NOTIFIC.;IONOMERO DE VIDRO,COR A3,REPOSICAO DO KETAC MOLAR EASYMIX - 3M;3M SOLVENTUM;3M SOLVENTUM;75,00;75,00;100,00;586,820;211,420;7;
2026;94774;FOB    ;FOB    ;12/07/2026 15:41; ; ;12/07/2026 00:00;12/07/2027 00:00;Individual;Vigente;8973296;EQUIPAMENTOS E ARTIGOS DE USO MEDICO, O.;INSUMOS DE USO ODONTOLOGICO COM NOTIFIC.;IONOMERO DE VIDRO,COR A2, REPOSIÇÃO KIT MAXXION R,(PÓ 10G/LIQ.8ML);FGM;FGM;60,00;60,00;100,00;101,330;21,120;7;
2026;94774;FOB    ;FOB    ;12/07/2026 15:41; ; ;12/07/2026 00:00;12/07/2027 00:00;Individual;Vigente;8976856;EQUIPAMENTOS E ARTIGOS DE USO MEDICO, O.;INSUMOS DE USO ODONTOLOGICO COM NOTIFIC.;IONOMERO DE VIDRO,FOTOPOL.COR A2,REPOSIÇÃO DO GOLD LABEL 2 LC R;GC AMERICA;GC AMERICA;40,00;40,00;100,00;169,250;139,680;7;
2026;94774;FOB    ;FOB    ;12/07/2026 15:41; ; ;12/07/2026 00:00;12/07/2027 00:00;Individual;Vigente;8977135;EQUIPAMENTOS E ARTIGOS DE USO MEDICO, O.;INSUMOS DE USO ODONTOLOGICO COM NOTIFIC.;RESINAS COMPOSTAS,FOTOP./COR A3,REPOSIÇÃO DA RESINA NATURAL FLOW /2,4;SHOFU;SHOFU;20,00;10,00;100,00;315,900;240,000;7;
2026;94774;FOB    ;FOB    ;12/07/2026 15:41; ; ;12/07/2026 00:00;12/07/2027 00:00;Individual;Vigente;8979944;EQUIPAMENTOS E ARTIGOS DE USO MEDICO, O.;INSUMOS DE USO ODONTOLOGICO COM NOTIFIC.;RES. FOTOP.,REST.PROV., REPOSIÇÃO/BIOPLIC ,KIT 2 SERINGAS 2G,S/EUGENO;BIODINAMICA;BIODINAMICA;50,00;50,00;100,00;68,790;48,100;7;
2026;94774;FOB    ;FOB    ;12/07/2026 15:41; ; ;12/07/2026 00:00;12/07/2027 00:00;Individual;Vigente;8985260;EQUIPAMENTOS E ARTIGOS DE USO MEDICO, O.;INSUMOS DE USO ODONTOLOGICO COM NOTIFIC.;RESINAS COMPOSTAS,FOTO,NANOHIBRIDA,COR A2,REPOSIÇÃO TETRIC N-FLOW;SHOFU;SHOFU;20,00;10,00;100,00;315,900;240,000;7;
2026;94774;FOB    ;FOB    ;12/07/2026 15:41; ; ;12/07/2026 00:00;12/07/2027 00:00;Individual;Vigente;9177841;EQUIPAMENTOS E ARTIGOS DE USO MEDICO, O.;INSUMOS DE USO ODONTOLOGICO COM NOTIFIC.;RESINAS COMPOSTAS FOTOPOLIMERIZAVEL SERINGAS DE 2 GRAMAS COR A1;SHOFU;SHOFU;20,00;10,00;100,00;315,900;229,500;7;
2026;94774;FOB    ;FOB    ;12/07/2026 15:41; ; ;12/07/2026 00:00;12/07/2027 00:00;Individual;Vigente;9225196;EQUIPAMENTOS E ARTIGOS DE USO MEDICO, O.;INSUMOS DE USO ODONTOLOGICO COM NOTIFIC.;CONDICIONADOR DE ESMALTE,SOL.AC.POLIACRILICO 11,5%,GEL AZUL,FR 10ML;DFL;DFL;35,00;35,00;100,00;77,970;62,880;7;
2026;94774;FOB    ;FOB    ;12/07/2026 15:41; ; ;12/07/2026 00:00;12/07/2027 00:00;Individual;Vigente;9465766;EQUIPAMENTOS E ARTIGOS DE USO MEDICO, O.;INSUMOS DE USO ODONTOLOGICO COM NOTIFIC.;res.comp.foto,nanopartic.,rep.filtek z350 xt,cor a2b,radiopaca,ser.4g;ULTRADENT;ULTRADENT;30,00;30,00;100,00;297,000;77,310;7;
2026;94774;FOB    ;FOB    ;12/07/2026 15:41; ; ;12/07/2026 00:00;12/07/2027 00:00;Individual;Vigente;9487565;EQUIPAMENTOS E ARTIGOS DE USO MEDICO, O.;INSUMOS DE USO ODONTOLOGICO COM NOTIFIC.;IONOM.DE VIDRO RESTAURACAO,PO C/9G,COR A3,REPOSICAO DO VITREMER;3M SOLVENTUM;3M SOLVENTUM;20,00;20,00;100,00;541,780;316,400;7;
2026;94774;FOB    ;FOB    ;12/07/2026 15:41; ; ;12/07/2026 00:00;12/07/2027 00:00;Individual;Vigente;9525076;EQUIPAMENTOS E ARTIGOS DE USO MEDICO, O.;INSUMOS DE USO ODONTOLOGICO COM NOTIFIC.;IONOMERO DE VIDRO,AUTOP.RADIOPACO,REPOS.GC FUJI PLUS;SDI;SDI;50,00;50,00;100,00;196,500;195,510;7;
2026;94774;FOB    ;FOB    ;12/07/2026 15:41; ; ;12/07/2026 00:00;12/07/2027 00:00;Individual;Vigente;9536310;EQUIPAMENTOS E ARTIGOS DE USO MEDICO, O.;INSUMOS DE USO ODONTOLOGICO COM NOTIFIC.;SISTEMA ADESIVO USO ODONTO.,KIT PRIMER/ATIVADOR,REPOS.SILANO/DENTSPLY;ANGELUS;ANGELUS;30,00;25,00;100,00;61,860;23,660;7;
2026;94774;FOB    ;FOB    ;12/07/2026 15:41; ; ;12/07/2026 00:00;12/07/2027 00:00;Individual;Vigente;9614621;EQUIPAMENTOS E ARTIGOS DE USO MEDICO, O.;INSUMOS DE USO ODONTOLOGICO COM NOTIFIC.;"RESINAS COMPOSTAS,FOTO,NANOHIBRIDA,COR A20,REP.BEAUTIFUL II/SHOFU;4,5G";SHOFU;SHOFU;30,00;30,00;100,00;393,900;222,000;7;
2026;94774;FOB    ;FOB    ;12/07/2026 15:41; ; ;12/07/2026 00:00;12/07/2027 00:00;Individual;Vigente;9614699;EQUIPAMENTOS E ARTIGOS DE USO MEDICO, O.;INSUMOS DE USO ODONTOLOGICO COM NOTIFIC.;"RESINAS COMPOSTAS,FOTO,NANOHIBRIDA,COR BW,REP.BEAUTIFUL II/SHOFU;4,5G";SHOFU;SHOFU;20,00;20,00;100,00;393,900;222,000;7;
2026;94774;FOB    ;FOB    ;12/07/2026 15:41; ; ;12/07/2026 00:00;12/07/2027 00:00;Individual;Vigente;9690670;EQUIPAMENTOS E ARTIGOS DE USO MEDICO, O.;INSUMOS DE USO ODONTOLOGICO COM NOTIFIC.;REEMB. PROTESE,TIPO RIGIDO,AUTOPOL.KIT,PÓ ROSA(80G)/LIQ(55ML),KOOLINER;GC;GC;10,00;8,00;100,00;421,200;301,250;7;
2026;94774;FOB    ;FOB    ;12/07/2026 15:41; ; ;12/07/2026 00:00;12/07/2027 00:00;Individual;Vigente;9754113;EQUIPAMENTOS E ARTIGOS DE USO MEDICO, O.;INSUMOS DE USO ODONTOLOGICO COM NOTIFIC.;SIST.ADESIVO FOTO,PRIMER(BOND),FRASCO 8ML,REPOS. SCOTCHBOND MULTIUSO3M;3M SOLVENTUM;3M SOLVENTUM;50,00;50,00;100,00;499,990;279,840;7;
2026;94774;FOB    ;FOB    ;12/07/2026 15:41; ; ;12/07/2026 00:00;12/07/2027 00:00;Individual;Vigente;9782532;EQUIPAMENTOS E ARTIGOS DE USO MEDICO, O.;INSUMOS DE USO ODONTOLOGICO COM NOTIFIC.;res.comp.foto,nanopartic.,rep.filtek z350 xt,cor a2e,radiopaca,ser.4g;ULTRADENT;ULTRADENT;30,00;30,00;100,00;297,000;77,310;7;
2026;94774;FOB    ;FOB    ;12/07/2026 15:41; ; ;12/07/2026 00:00;12/07/2027 00:00;Individual;Vigente;9782540;EQUIPAMENTOS E ARTIGOS DE USO MEDICO, O.;INSUMOS DE USO ODONTOLOGICO COM NOTIFIC.;res.comp.foto,nanopartic.,rep.filtek z350 xt,cor c3b,radiopaca,ser.4g;3M SOLVENTUM;3M SOLVENTUM;20,00;20,00;100,00;297,000;297,000;7;
2026;94774;FOB    ;FOB    ;12/07/2026 15:41; ; ;12/07/2026 00:00;12/07/2027 00:00;Individual;Vigente;9834460;EQUIPAMENTOS E ARTIGOS DE USO MEDICO, O.;INSUMOS DE USO ODONTOLOGICO COM NOTIFIC.;SISTEMA ADESIVO USO OD.FOTOP.,FRASCO 3ML,REPOS.DO SCOTCHB.UNIV.PLUS/3M;3M SOLVENTUM;3M SOLVENTUM;30,00;30,00;100,00;395,400;219,940;7;
2026;94774;FOB    ;FOB    ;12/07/2026 15:41; ; ;12/07/2026 00:00;12/07/2027 00:00;Individual;Vigente;9856110;EQUIPAMENTOS E ARTIGOS DE USO MEDICO, O.;INSUMOS DE USO ODONTOLOGICO COM NOTIFIC.;CLAREADOR DENTAL, KIT PERBORATO SODIO+PEROX.HIDROG,REP.WHITENESS PERB;FGM;FGM;25,00;25,00;100,00;85,730;37,640;7;
2026;94774;FOB    ;FOB    ;12/07/2026 15:41; ; ;12/07/2026 00:00;12/07/2027 00:00;Individual;Vigente;10023925;EQUIPAMENTOS E ARTIGOS DE USO MEDICO, O.;INSUMOS DE USO ODONTOLOGICO COM NOTIFIC.;"REEMBASADOR PROT. OD.PÓS CIRURGICO,REP.COE-COMFORT GC;2 SEM,KIT PÓ/LIQ";GC;GC;10,00;8,00;100,00;520,990;453,760;7;
2026;94774;FOB    ;FOB    ;12/07/2026 15:41; ; ;12/07/2026 00:00;12/07/2027 00:00;Individual;Vigente;10176594;EQUIPAMENTOS E ARTIGOS DE USO MEDICO, O.;INSUMOS DE USO ODONTOLOGICO COM NOTIFIC.;CLAREADOR DENTAL,PEROX.CARB.10%, KIT SERINGAS +PONTAS APLICADORAS;FGM;FGM;25,00;25,00;100,00;131,990;46,160;7;
2026;94774;FOB    ;FOB    ;12/07/2026 15:41; ; ;12/07/2026 00:00;12/07/2027 00:00;Individual;Vigente;10177345;EQUIPAMENTOS E ARTIGOS DE USO MEDICO, O.;INSUMOS DE USO ODONTOLOGICO COM NOTIFIC.;elastomero odontologico, reposição do zetaplus,densa verde,pote 900ml;KULZER;KULZER;60,00;60,00;100,00;196,560;125,930;7;
2026;94774;FOB    ;FOB    ;12/07/2026 15:41; ; ;12/07/2026 00:00;12/07/2027 00:00;Individual;Vigente;10177620;EQUIPAMENTOS E ARTIGOS DE USO MEDICO, O.;INSUMOS DE USO ODONTOLOGICO COM NOTIFIC.;sistema adesivo uso od.,kit primer 5ml/bond 6ml,repos.clearfil se bond;KURARAY;KURARAY;30,00;30,00;100,00;796,490;653,830;7;
2026;94774;FOB    ;FOB    ;12/07/2026 15:41; ; ;12/07/2026 00:00;12/07/2027 00:00;Individual;Vigente;10177655;EQUIPAMENTOS E ARTIGOS DE USO MEDICO, O.;INSUMOS DE USO ODONTOLOGICO COM NOTIFIC.;"IONOMERO VIDRO,CIMENTAÇÃO,AUTOPOLIM;REPOS. KIT MAXXION C/FGM(15G/10ML)";FGM;FGM;50,00;50,00;100,00;85,390;21,120;7;
2026;94774;FOB    ;FOB    ;12/07/2026 15:41; ; ;12/07/2026 00:00;12/07/2027 00:00;Individual;Vigente;10177698;EQUIPAMENTOS E ARTIGOS DE USO MEDICO, O.;INSUMOS DE USO ODONTOLOGICO COM NOTIFIC.;sistema adesivo uso od.,kit primer 5ml/bond 5ml,repos.fl-bond shofu;SHOFU;SHOFU;30,00;20,00;100,00;711,440;500,000;7;
2026;94774;FOB    ;FOB    ;12/07/2026 15:41; ; ;12/07/2026 00:00;12/07/2027 00:00;Individual;Vigente;10181059;EQUIPAMENTOS E ARTIGOS DE USO MEDICO, O.;INSUMOS DE USO ODONTOLOGICO COM NOTIFIC.;selante,fotopolimerizavel.p/ rest.rep. fortify/bisco,frasco;ULTRADENT;ULTRADENT;20,00;15,00;100,00;93,670;64,880;7;
2026;56880;PUSP-B ;FOB    ;30/04/2026 13:43;13/05/2026 11:28;13/05/2026 11:32;21/07/2026 00:00;20/07/2027 00:00;Setorizada;Vigente;8305234;SERVICOS GERAIS;SERVICOS DE PUBLICIDADES, PROPAGANDAS E.;publicação de edital em jornal de grande circulação regional; Folha de S. Paulo; ;400,00;350,00;42,11;99,725;99,000;1;
2026;111385;FOB    ;FOB    ;12/08/2026 13:55; ; ;22/08/2026 00:00;22/08/2027 00:00;Setorizada;Vigente;7278942;INFORMATICA;PECAS E ACESSORIOS PARA COMPUTADORES;MONITOR DE VIDEO POLICROMATICO, WIDESCREN 24 POLEGADAS, 1920 X 1080;ACO;ACO;100,00;100,00;58,82;1065,000;596,000;2;
2026;111385;FOB    ;FOB    ;12/08/2026 13:55; ; ;22/08/2026 00:00;22/08/2027 00:00;Setorizada;Vigente;8624887;INFORMATICA;PECAS E ACESSORIOS PARA COMPUTADORES;"MONITOR DE VIDEO TECNOLOGIA LED, 27"""; AOC; AOC;50,00;48,00;58,82;2400,000;1999,000;2;
2026;65430;FORP   ;FOB    ;13/05/2026 15:00;25/06/2026 10:15;25/06/2026 10:21;26/08/2026 00:00;25/08/2027 00:00;Setorizada;Vigente;5657296;EQUIPAMENTOS E ARTIGOS DE USO MEDICO, O.;INSUMOS DE USO ODONTOLOGICO COM NOTIFIC.;HEMOSTATICO LOCAL,SOLUCAO S/EPINEFRINA,ATOXICA,FRASCO C/10ML;Biodinamica;Hemostank;10,00;10,00;55,56;25,900;26,060;0;
2026;65430;FORP   ;FOB    ;13/05/2026 15:00;25/06/2026 10:15;25/06/2026 10:21;26/08/2026 00:00;25/08/2027 00:00;Setorizada;Vigente;5657342;EQUIPAMENTOS E ARTIGOS DE USO MEDICO, O.;INSUMOS DE USO ODONTOLOGICO COM NOTIFIC.;PONTA PARA SUGADOR ODONTOLOGICO;Shanghai Dochem;Dental Partner;50,00;50,00;78,13;34,000;10,000;0;
2026;65430;FORP   ;FOB    ;13/05/2026 15:00;25/06/2026 10:15;25/06/2026 10:21;26/08/2026 00:00;25/08/2027 00:00;Setorizada;Vigente;5705436;EQUIPAMENTOS E ARTIGOS DE USO MEDICO, O.;MATERIAIS DE USO TECNICO HOSPITALAR COM.;COMPRESSA GAZE,13FIOS,7,5X7,5CM,ESTERIL,C/05UN.,PLAST;Melhormed; ;1.000,00;1.000,00;19,21;2,750;2,730;0;
2026;65430;FORP   ;FOB    ;13/05/2026 15:00;25/06/2026 10:15;25/06/2026 10:21;26/08/2026 00:00;25/08/2027 00:00;Setorizada;Vigente;5771846;EQUIPAMENTOS E ARTIGOS DE USO MEDICO, O.;INSUMOS DE USO ODONTOLOGICO COM NOTIFIC.;HIDR.DE CALCIO,PASTA P/ENDO,2TUBETES HCA 2,7G CADA+1TUBETE GLICER.2,2G;Formula e Ação; ;10,00;10,00;76,92;119,400;119,400;0;
2026;65430;FORP   ;FOB    ;13/05/2026 15:00;25/06/2026 10:15;25/06/2026 10:21;26/08/2026 00:00;25/08/2027 00:00;Setorizada;Vigente;6132030;EQUIPAMENTOS E ARTIGOS DE USO MEDICO, O.;INSUMOS DE USO ODONTOLOGICO SEM NOTIFIC.;BABADOR ODONTOLOGICO,2 CAMADAS:1 CELULOSE E 1 POLIETILENO,33X47CM;Hospflex; ;200,00;200,00;33,33;15,400;15,250;0;
2026;65430;FORP   ;FOB    ;13/05/2026 15:00;25/06/2026 10:15;25/06/2026 10:21;26/08/2026 00:00;25/08/2027 00:00;Setorizada;Vigente;6148255;EQUIPAMENTOS E ARTIGOS DE USO MEDICO, O.;INSUMOS DE USO ODONTOLOGICO COM NOTIFIC.;SISTEMA ADESIVO,FOTOPOLIM.,AUTOCONDICION.,REPOS.SINGLE BOND UNIVERSAL;3M ESPE;SINGLE BOND UNIVERSAL;20,00;20,00;24,10;352,390;229,330;0;
2026;65430;FORP   ;FOB    ;13/05/2026 15:00;25/06/2026 10:15;25/06/2026 10:21;26/08/2026 00:00;25/08/2027 00:00;Setorizada;Vigente;6162436;EQUIPAMENTOS E ARTIGOS DE USO MEDICO, O.;INSUMOS DE USO ODONTOLOGICO COM NOTIFIC.;RESINA FOTOPOLIMERIZAVEL, BARREIRA GENGIVAL; MAQUIRA; MAX DAM;20,00;20,00;35,71;74,690;8,430;0;
2026;65430;FORP   ;FOB    ;13/05/2026 15:00;25/06/2026 10:15;25/06/2026 10:21;26/08/2026 00:00;25/08/2027 00:00;Setorizada;Vigente;6188788;EQUIPAMENTOS E ARTIGOS DE USO MEDICO, O.;INSUMOS DE USO ODONTOLOGICO COM NOTIFIC.;MATRIZ P/ODONTO,ACO INOX,TIRA TIPO TOFFLEMIRE,P/MOLAR;AF Brasil; ;5,00;5,00;23,81;29,830;29,830;0;
2026;65430;FORP   ;FOB    ;13/05/2026 15:00;25/06/2026 10:15;25/06/2026 10:21;26/08/2026 00:00;25/08/2027 00:00;Setorizada;Vigente;6207413;EQUIPAMENTOS E ARTIGOS DE USO MEDICO, O.;INSUMOS DE USO ODONTOLOGICO COM NOTIFIC.;BROCA ODONTO P/CA,ACO CARBONO,NUMERO 02,LARGO,HASTE 28MM;Microdont; ;6,00;6,00;85,71;17,820;17,820;0;
2026;65430;FORP   ;FOB    ;13/05/2026 15:00;25/06/2026 10:15;25/06/2026 10:21;26/08/2026 00:00;25/08/2027 00:00;Setorizada;Vigente;6617220;EQUIPAMENTOS E ARTIGOS DE USO MEDICO, O.;INSUMOS DE USO ODONTOLOGICO COM NOTIFIC.;CERA ROSA,NUMERO 7,P/ARTICULACAO,EM LAMINAS,CX C/200G.APROX.;Lysandra; ;50,00;50,00;35,97;29,210;25,000;0;
2026;65430;FORP   ;FOB    ;13/05/2026 15:00;25/06/2026 10:15;25/06/2026 10:21;26/08/2026 00:00;25/08/2027 00:00;Setorizada;Vigente;7804385;EQUIPAMENTOS E ARTIGOS DE USO MEDICO, O.;INSUMOS DE USO ODONTOLOGICO COM NOTIFIC.;BROCA ODONTOL.P/AR,ACO CARBIDE,NUMERO 08,ESFERICA;Microdont; ;6,00;6,00;42,86;19,900;19,900;0;
2026;65430;FORP   ;FOB    ;13/05/2026 15:00;25/06/2026 10:15;25/06/2026 10:21;26/08/2026 00:00;25/08/2027 00:00;Setorizada;Vigente;7892713;EQUIPAMENTOS E ARTIGOS DE USO MEDICO, O.;SOLUCOES ANTI-SEPTICAS COM NOTIFICACAO/.;HIPOCLORITO DE SODIO 1 A 2% DE CLORO ATIVO;Asfer; ;15,00;15,00;45,45;70,930;13,820;0;
2026;65430;FORP   ;FOB    ;13/05/2026 15:00;25/06/2026 10:15;25/06/2026 10:21;26/08/2026 00:00;25/08/2027 00:00;Setorizada;Vigente;8042845;EQUIPAMENTOS E ARTIGOS DE USO MEDICO, O.;INSUMOS DE USO ODONTOLOGICO COM NOTIFIC.;RESINAS COMPOSTAS, FOTOPOLIMERIZAVEL, MICROHIBRIDA, COR A1, ESC. VITA; 3M ESPE; Z250;30,00;30,00;93,75;129,000;61,450;0;
2026;65430;FORP   ;FOB    ;13/05/2026 15:00;25/06/2026 10:15;25/06/2026 10:21;26/08/2026 00:00;25/08/2027 00:00;Setorizada;Vigente;8214611;EQUIPAMENTOS E ARTIGOS DE USO MEDICO, O.;MATERIAIS DE USO TECNICO HOSPITALAR COM.;" DE MADEIRA; DE USO UNICO; EXTREMIDADES ARREDONDADAS,SEM REBARBAS; MEDINDO (14CMX1,5CM DE LARGURA)X(";Medix; ;100,00;100,00;22,22;7,030;6,980;0;
2026;65430;FORP   ;FOB    ;13/05/2026 15:00;25/06/2026 10:15;25/06/2026 10:21;26/08/2026 00:00;25/08/2027 00:00;Setorizada;Vigente;8425531;ARTIGOS DE HIGIENE;UTENSILIOS PARA HIGIENE E PROTECAO PESS.;HASTE PARA HIGIENE;Cottonbaby; ;50,00;50,00;19,16;7,200;7,190;0;
2026;65430;FORP   ;FOB    ;13/05/2026 15:00;25/06/2026 10:15;25/06/2026 10:21;26/08/2026 00:00;25/08/2027 00:00;Setorizada;Vigente;8573786;EQUIPAMENTOS E ARTIGOS DE USO MEDICO, O.;INSUMOS DE USO ODONTOLOGICO COM NOTIFIC.;ESCOVA DE ROBSON, CERDA PLANA EM NYLON BRANCA, HASTE METALICA;AF Brasil; ;20,00;20,00;40,00;3,240;3,240;0;
2026;65430;FORP   ;FOB    ;13/05/2026 15:00;25/06/2026 10:15;25/06/2026 10:21;26/08/2026 00:00;25/08/2027 00:00;Setorizada;Vigente;8624690;EQUIPAMENTOS E ARTIGOS DE USO MEDICO, O.;INSUMOS DE USO ODONTOLOGICO COM NOTIFIC.;IONOMERO DE VIDRO, 12,5G, COR A3, 8,5ML, RESTAURACAO CLASSES I, II E; KETAC MOLAR EASY MIX; 3M ESPE;5,00;5,00;10,00;695,900;253,710;0;
2026;65430;FORP   ;FOB    ;13/05/2026 15:00;25/06/2026 10:15;25/06/2026 10:21;26/08/2026 00:00;25/08/2027 00:00;Setorizada;Vigente;8720207;EQUIPAMENTOS E ARTIGOS DE USO MEDICO, O.;INSUMOS DE USO ODONTOLOGICO COM NOTIFIC.;ABRASIVO,PO,GRAN.NORMAL,PEDRA POMES,P/POLIM.DE PROTESE,PACOTE C/1 KG;Orlando ME;Rio;15,00;15,00;21,43;13,520;7,000;0;
2026;65430;FORP   ;FOB    ;13/05/2026 15:00;25/06/2026 10:15;25/06/2026 10:21;26/08/2026 00:00;25/08/2027 00:00;Setorizada;Vigente;8870551;EQUIPAMENTOS E ARTIGOS DE USO MEDICO, O.;INSUMOS DE USO ODONTOLOGICO COM NOTIFIC.;FIO P/RETRACAO GENG.,CORDAO TRANCADO,NAO IMPREGNADO,N.000,240CM APROX;Retraflex;Biodinamica;10,00;10,00;90,91;32,680;32,680;0;
2026;65430;FORP   ;FOB    ;13/05/2026 15:00;25/06/2026 10:15;25/06/2026 10:21;26/08/2026 00:00;25/08/2027 00:00;Setorizada;Vigente;8896313;EQUIPAMENTOS E ARTIGOS DE USO MEDICO, O.;INSUMOS DE USO ODONTOLOGICO COM NOTIFIC.;CIMENTO PROVISORIO ODONTOL,,SEM EUGENOL, 20G,OXIDO ZN/SULFATO ZN; MAQUIRA; OBTUR;10,00;10,00;83,33;62,300;9,790;0;
2026;65430;FORP   ;FOB    ;13/05/2026 15:00;25/06/2026 10:15;25/06/2026 10:21;26/08/2026 00:00;25/08/2027 00:00;Setorizada;Vigente;8896518;EQUIPAMENTOS E ARTIGOS DE USO MEDICO, O.;INSUMOS DE USO ODONTOLOGICO COM NOTIFIC.;CIMENTO ENDODONTICO,MTA, PASTA X PASTA,REPOSIÇÃO MTA FILLAPEX/ANGELUS; ANGELUS; MTA FILLAPEX;5,00;5,00;62,50;142,900;274,780;0;
2026;65430;FORP   ;FOB    ;13/05/2026 15:00;25/06/2026 10:15;25/06/2026 10:21;26/08/2026 00:00;25/08/2027 00:00;Setorizada;Vigente;8917779;EQUIPAMENTOS E ARTIGOS DE USO MEDICO, O.;MATERIAL DE USO TECNICO HOSPITALAR SEM.;LUVA PLASTICA DESCARTAVEL CONFECCIONADA EM PLASTICO;Medix; ;100,00;100,00;21,28;6,470;6,450;0;
2026;65430;FORP   ;FOB    ;13/05/2026 15:00;25/06/2026 10:15;25/06/2026 10:21;26/08/2026 00:00;25/08/2027 00:00;Setorizada;Vigente;8979880;EQUIPAMENTOS E ARTIGOS DE USO MEDICO, O.;INSUMOS DE USO ODONTOLOGICO COM NOTIFIC.;VERNIZ FLUORETADO, REPOSIÇÃO DO DURAPHAT,BISNAGA 10 ML; VOCO; PROFLUORID;5,00;5,00;41,67;216,900;164,220;0;
2026;65430;FORP   ;FOB    ;13/05/2026 15:00;25/06/2026 10:15;25/06/2026 10:21;26/08/2026 00:00;25/08/2027 00:00;Setorizada;Vigente;9034749;EQUIPAMENTOS E ARTIGOS DE USO MEDICO, O.;INSUMOS DE USO ODONTOLOGICO COM NOTIFIC.;RESINAS COMPOSTAS, FOTOP.NANOHIBRIDA,COR A 3,5E,REP. DA ULTRADENT, 4G;ULTRADENT; FORMA;10,00;10,00;66,67;170,830;99,960;0;
2026;65430;FORP   ;FOB    ;13/05/2026 15:00;25/06/2026 10:15;25/06/2026 10:21;26/08/2026 00:00;25/08/2027 00:00;Setorizada;Vigente;9267930;EQUIPAMENTOS E ARTIGOS DE USO MEDICO, O.;INSUMOS DE USO ODONTOLOGICO COM NOTIFIC.;HIDROXIDO DE CALCIO P.A.,PURO,EMBALADO EM FRASCO;Biodinamica; ;20,00;20,00;90,91;23,030;14,460;0;
2026;65430;FORP   ;FOB    ;13/05/2026 15:00;25/06/2026 10:15;25/06/2026 10:21;26/08/2026 00:00;25/08/2027 00:00;Setorizada;Vigente;9474145;EQUIPAMENTOS E ARTIGOS DE USO MEDICO, O.;INSUMOS DE USO ODONTOLOGICO COM NOTIFIC.;BROCA ODONTOLOGICA P/ C.A.,AÇO CARBONO,NUM.8 ,ESFERICA,C/TRAVA P/ADAPT;Microdont; ;6,00;6,00;35,29;14,330;14,330;0;
2026;65430;FORP   ;FOB    ;13/05/2026 15:00;25/06/2026 10:15;25/06/2026 10:21;26/08/2026 00:00;25/08/2027 00:00;Setorizada;Vigente;9474153;EQUIPAMENTOS E ARTIGOS DE USO MEDICO, O.;INSUMOS DE USO ODONTOLOGICO COM NOTIFIC.;BROCA ODONTOLOGICA P/ C.A.,AÇO CARBONO,NUM.6 ,ESFERICA,C/TRAVA P/ADAPT;Microdont; ;6,00;6,00;8,45;14,330;14,330;0;
2026;65430;FORP   ;FOB    ;13/05/2026 15:00;25/06/2026 10:15;25/06/2026 10:21;26/08/2026 00:00;25/08/2027 00:00;Setorizada;Vigente;9609903;EQUIPAMENTOS E ARTIGOS DE USO MEDICO, O.;INSUMOS DE USO ODONTOLOGICO COM NOTIFIC.;RESINA P/ IMP. 3D USO ODONT,,LCD/DLP, RES.ACRIL.INCOLOR, BIOCOMPATIVEL;Makertech Labs;PriZma 3D Bio Splint;5,00;5,00;14,29;1889,900;1889,900;0;
2026;117383;FOB    ;FOB    ;21/08/2026 09:37; ; ;25/08/2026 00:00;25/08/2027 00:00;Individual;Vigente;5652936;EQUIPAMENTOS E ARTIGOS DE USO MEDICO, O.;INSUMOS DE USO ODONTOLOGICO COM NOTIFIC.;EVIDENCIADOR DE PLACA BACTERIANA,PASTILHAS EM BLISTE,CX.C/120 UNIDADES; BIODINAMICA; BIODINAMICA;15,00;15,00;100,00;21,890;21,890;2;
2026;117383;FOB    ;FOB    ;21/08/2026 09:37; ; ;25/08/2026 00:00;25/08/2027 00:00;Individual;Vigente;5653533;EQUIPAMENTOS E ARTIGOS DE USO MEDICO, O.;INSUMOS DE USO ODONTOLOGICO COM NOTIFIC.;AGULHA GENGIVAL DESCART,G-30,CURTA,ACO INOX,C/LACRE,ESTERIL;DFL;DFL;35,00;35,00;100,00;85,900;85,900;2;
2026;117383;FOB    ;FOB    ;21/08/2026 09:37; ; ;25/08/2026 00:00;25/08/2027 00:00;Individual;Vigente;5657318;EQUIPAMENTOS E ARTIGOS DE USO MEDICO, O.;INSUMOS DE USO ODONTOLOGICO COM NOTIFIC.;HIDROXIDO DE CALCIO,PASTA BASE+PASTA CATALIZADORA+BLOCO DE MISTURA;DENTSPLY;DENTSPLY;50,00;50,00;100,00;79,900;27,350;2;
2026;117383;FOB    ;FOB    ;21/08/2026 09:37; ; ;25/08/2026 00:00;25/08/2027 00:00;Individual;Vigente;5657423;EQUIPAMENTOS E ARTIGOS DE USO MEDICO, O.;INSUMOS DE USO ODONTOLOGICO COM NOTIFIC.;CONE DE GUTAPERCHA,N.15 A 40,CX C/6 FRASCOS C/20 UNI DE CADA NUMERO; IODONTOSUL; IODONTOSUL;20,00;20,00;100,00;20,880;9,960;2;
2026;117383;FOB    ;FOB    ;21/08/2026 09:37; ; ;25/08/2026 00:00;25/08/2027 00:00;Individual;Vigente;5660092;EQUIPAMENTOS E ARTIGOS DE USO MEDICO, O.;INSUMOS DE USO ODONTOLOGICO COM NOTIFIC.;EVIDENCIADOR DE PLACA BACTERIANA,SOLUCAO,FR.C/10ML; BIODINAMICA; BIODINAMICA;20,00;20,00;100,00;26,000;26,000;2;
2026;117383;FOB    ;FOB    ;21/08/2026 09:37; ; ;25/08/2026 00:00;25/08/2027 00:00;Individual;Vigente;5664691;EQUIPAMENTOS E ARTIGOS DE USO MEDICO, O.;INSUMOS DE USO ODONTOLOGICO COM NOTIFIC.;ALGODAO EM ROLETE,4CM COMPR. X 1CM DIA.,HIDROF.,MACIO,COMPACTO,INODORO;SS Plus;SS Plus;1.200,00;1.200,00;100,00;3,480;3,230;2;
2026;117383;FOB    ;FOB    ;21/08/2026 09:37; ; ;25/08/2026 00:00;25/08/2027 00:00;Individual;Vigente;5666481;EQUIPAMENTOS E ARTIGOS DE USO MEDICO, O.;INSUMOS DE USO ODONTOLOGICO COM NOTIFIC.;FORMOCRESOL,SOLUCAO,FORMULA BUCKLEY,FRASCO C/10 ML;BIODINAMICA;BIODINAMICA;15,00;15,00;100,00;20,900;11,370;2;
2026;117383;FOB    ;FOB    ;21/08/2026 09:37; ; ;25/08/2026 00:00;25/08/2027 00:00;Individual;Vigente;5670586;EQUIPAMENTOS E ARTIGOS DE USO MEDICO, O.;INSUMOS DE USO ODONTOLOGICO COM NOTIFIC.;FIO DENTAL ENCERADO,ROLO C/500 M,EMBALAGEM RESISTENTE E VEDADA;HILLO;HILLO;100,00;100,00;100,00;19,900;11,980;2;
2026;117383;FOB    ;FOB    ;21/08/2026 09:37; ; ;25/08/2026 00:00;25/08/2027 00:00;Individual;Vigente;5680174;EQUIPAMENTOS E ARTIGOS DE USO MEDICO, O.;INSUMOS DE USO ODONTOLOGICO COM NOTIFIC.;GESSO PEDRA,TIPO III,COMP.SULFATO DE CA+PIGMENTO AMARELO/BEGE,PAC.1KG;RIO;RIO;400,00;400,00;100,00;11,200;7,850;2;
2026;117383;FOB    ;FOB    ;21/08/2026 09:37; ; ;25/08/2026 00:00;25/08/2027 00:00;Individual;Vigente;5682061;EQUIPAMENTOS E ARTIGOS DE USO MEDICO, O.;INSUMOS DE USO ODONTOLOGICO COM NOTIFIC.;IODOFORMIO,PO,USO ENDODONTICO,FRASCO C/10 G;K-DENT;K-DENT;15,00;15,00;100,00;35,640;35,640;2;
2026;117383;FOB    ;FOB    ;21/08/2026 09:37; ; ;25/08/2026 00:00;25/08/2027 00:00;Individual;Vigente;5683947;EQUIPAMENTOS E ARTIGOS DE USO MEDICO, O.;INSUMOS DE USO ODONTOLOGICO COM NOTIFIC.;ISOLANTE P/GESSO E RESINA,A BASE DE CELULOSE,FRASCO C/500ML;SS WHITE;SS WHITE;25,00;25,00;100,00;65,960;37,190;2;
2026;117383;FOB    ;FOB    ;21/08/2026 09:37; ; ;25/08/2026 00:00;25/08/2027 00:00;Individual;Vigente;5684099;EQUIPAMENTOS E ARTIGOS DE USO MEDICO, O.;INSUMOS DE USO ODONTOLOGICO COM NOTIFIC.;EUGENOL,LIQUIDO,FRASCO C/20 ML; BIODINAMICA; BIODINAMICA;10,00;10,00;100,00;27,930;27,930;2;
2026;117383;FOB    ;FOB    ;21/08/2026 09:37; ; ;25/08/2026 00:00;25/08/2027 00:00;Individual;Vigente;5695627;EQUIPAMENTOS E ARTIGOS DE USO MEDICO, O.;INSUMOS DE USO ODONTOLOGICO COM NOTIFIC.;FIO PARA RETR.GENGIVAL,CORDAO TRANCADO 100%ALGODAO,Nº1,NÃO IMPREGNADO;ULTRADENT;ULTRADENT;25,00;25,00;100,00;112,900;90,330;2;
2026;117383;FOB    ;FOB    ;21/08/2026 09:37; ; ;25/08/2026 00:00;25/08/2027 00:00;Individual;Vigente;5697646;EQUIPAMENTOS E ARTIGOS DE USO MEDICO, O.;INSUMOS DE USO ODONTOLOGICO COM NOTIFIC.;GODIVA P/MOLDAGEM,BAIXA FUSAO(51GRAUS C),VERDE,CX C/15 BASTOES;KERR;KERR;40,00;40,00;100,00;165,000;165,000;2;
2026;117383;FOB    ;FOB    ;21/08/2026 09:37; ; ;25/08/2026 00:00;25/08/2027 00:00;Individual;Vigente;5697808;EQUIPAMENTOS E ARTIGOS DE USO MEDICO, O.;INSUMOS DE USO ODONTOLOGICO COM NOTIFIC.;FLUORETO DE SODIO 2% GEL NEUTRO,TIXOTROPICO,C/SABOR,FR.C/200ML;ALLPLAN;ALLPLAN;15,00;15,00;100,00;9,990;9,990;2;
2026;117383;FOB    ;FOB    ;21/08/2026 09:37; ; ;25/08/2026 00:00;25/08/2027 00:00;Individual;Vigente;5697816;EQUIPAMENTOS E ARTIGOS DE USO MEDICO, O.;INSUMOS DE USO ODONTOLOGICO COM NOTIFIC.;HEMOSTATICO LOCAL,SOL.CLORETO ALUMINIO,S/EPINEFRINA,FR.C/10ML;BIODINAMICA;BIODINAMICA;30,00;30,00;100,00;53,640;18,000;2;
2026;117383;FOB    ;FOB    ;21/08/2026 09:37; ; ;25/08/2026 00:00;25/08/2027 00:00;Individual;Vigente;5707811;EQUIPAMENTOS E ARTIGOS DE USO MEDICO, O.;INSUMOS DE USO ODONTOLOGICO COM NOTIFIC.;CIMENTO OXIDO ZN TIPO I,PO PURO,C/50GR; BIODINAMICA; BIODINAMICA;20,00;20,00;100,00;16,960;16,960;2;
2026;117383;FOB    ;FOB    ;21/08/2026 09:37; ; ;25/08/2026 00:00;25/08/2027 00:00;Individual;Vigente;5720508;EQUIPAMENTOS E ARTIGOS DE USO MEDICO, O.;INSUMOS DE USO ODONTOLOGICO COM NOTIFIC.;PASTA P/POLIMENTO E BRILHO DE RES. COMP.,SERINGA 2G;FGM;FGM;50,00;50,00;100,00;57,890;57,890;2;
2026;117383;FOB    ;FOB    ;21/08/2026 09:37; ; ;25/08/2026 00:00;25/08/2027 00:00;Individual;Vigente;5773989;EQUIPAMENTOS E ARTIGOS DE USO MEDICO, O.;INSUMOS DE USO ODONTOLOGICO COM NOTIFIC.;ANTISSEPT.BUCAL:TIMOL+EUCALIP+SAL.METILA+AC.BENZ+MENTOL+SACARINA,1,5L;LISTERINE;LISTERINE;180,00;180,00;100,00;49,000;49,000;2;
2026;117383;FOB    ;FOB    ;21/08/2026 09:37; ; ;25/08/2026 00:00;25/08/2027 00:00;Individual;Vigente;5904455;EQUIPAMENTOS E ARTIGOS DE USO MEDICO, O.;INSUMOS DE USO ODONTOLOGICO COM NOTIFIC.;EDTA TRISSODICO,SOL.30%,FRASCO 20ML,PH 7/8,AC.ETIL.DIAM.TETRAC.TRISSOD; BIODINAMICA; BIODINAMICA;60,00;60,00;100,00;9,500;5,000;2;
2026;117383;FOB    ;FOB    ;21/08/2026 09:37; ; ;25/08/2026 00:00;25/08/2027 00:00;Individual;Vigente;5945895;EQUIPAMENTOS E ARTIGOS DE USO MEDICO, O.;INSUMOS DE USO ODONTOLOGICO COM NOTIFIC.;TIRA DE LIXA POLIESTER,RESINA E OX.ALUM.,CENTRO NEUTRO,2.5X170MM;MAQUIRA;MAQUIRA;30,00;30,00;100,00;18,650;12,630;2;
2026;117383;FOB    ;FOB    ;21/08/2026 09:37; ; ;25/08/2026 00:00;25/08/2027 00:00;Individual;Vigente;6016081;EQUIPAMENTOS E ARTIGOS DE USO MEDICO, O.;INSUMOS DE USO ODONTOLOGICO COM NOTIFIC.;CONDICIONADOR DE PORCELANA GEL,AC.FLUORIDRICO 10%,SERINGA C/2,5ML;IODONTOSUL;IODONTOSUL;25,00;25,00;100,00;34,120;34,120;2;
2026;117383;FOB    ;FOB    ;21/08/2026 09:37; ; ;25/08/2026 00:00;25/08/2027 00:00;Individual;Vigente;6046606;EQUIPAMENTOS E ARTIGOS DE USO MEDICO, O.;INSUMOS DE USO ODONTOLOGICO COM NOTIFIC.;FIO P/RETRACAO GENGIVAL,N.00,CORDAO TRANCADO MALEAVEL,NAO IMPREGNADO;ULTRADENT;ULTRADENT;25,00;25,00;100,00;112,000;90,330;2;
2026;117383;FOB    ;FOB    ;21/08/2026 09:37; ; ;25/08/2026 00:00;25/08/2027 00:00;Individual;Vigente;6064191;EQUIPAMENTOS E ARTIGOS DE USO MEDICO, O.;INSUMOS DE USO ODONTOLOGICO COM NOTIFIC.;EUCALIPTOL LIQUIDO EM FRASCO PARA REMOCAO DE OBTURACAO ENDODONTICA; BIODINAMICA; BIODINAMICA;10,00;10,00;100,00;17,990;17,990;2;
2026;117383;FOB    ;FOB    ;21/08/2026 09:37; ; ;25/08/2026 00:00;25/08/2027 00:00;Individual;Vigente;6188664;EQUIPAMENTOS E ARTIGOS DE USO MEDICO, O.;INSUMOS DE USO ODONTOLOGICO COM NOTIFIC.;MATRIZ P/ODONTO,ACO INOX,TIRA,C/5MMX0.05MMX500MM,EM ROLO,AUTOCL.;MAQUIRA;MAQUIRA;50,00;50,00;100,00;3,570;1,550;2;
2026;117383;FOB    ;FOB    ;21/08/2026 09:37; ; ;25/08/2026 00:00;25/08/2027 00:00;Individual;Vigente;6188680;EQUIPAMENTOS E ARTIGOS DE USO MEDICO, O.;INSUMOS DE USO ODONTOLOGICO COM NOTIFIC.;MATRIZ P/ODONTO,ACO INOX,TIRA,C/7MMX0.05MMX500MM,EM ROLO,AUTOCL.;MAQUIRA;MAQUIRA;50,00;50,00;100,00;6,070;1,550;2;
2026;117383;FOB    ;FOB    ;21/08/2026 09:37; ; ;25/08/2026 00:00;25/08/2027 00:00;Individual;Vigente;6617190;EQUIPAMENTOS E ARTIGOS DE USO MEDICO, O.;INSUMOS DE USO ODONTOLOGICO COM NOTIFIC.;RESINA ACRILICA AUTOPOLIMERIZAVEL,LIQUIDO,FRASCO C/250 ML;CLASSICO;CLASSICO;150,00;150,00;100,00;131,370;67,730;2;
2026;117383;FOB    ;FOB    ;21/08/2026 09:37; ; ;25/08/2026 00:00;25/08/2027 00:00;Individual;Vigente;6617204;EQUIPAMENTOS E ARTIGOS DE USO MEDICO, O.;INSUMOS DE USO ODONTOLOGICO COM NOTIFIC.;RESINA ACRILICA AUTO POLIMERIZAVEL,PO INCOLOR,FRASCO C/440 G;CLASSICO;CLASSICO;100,00;100,00;100,00;125,000;125,000;2;
2026;117383;FOB    ;FOB    ;21/08/2026 09:37; ; ;25/08/2026 00:00;25/08/2027 00:00;Individual;Vigente;6617298;EQUIPAMENTOS E ARTIGOS DE USO MEDICO, O.;INSUMOS DE USO ODONTOLOGICO COM NOTIFIC.;RESINA ACRILICA,AUTO,PO EM FRASCO C/78G,COR 65;DENCOR;DENCOR;20,00;20,00;100,00;73,500;38,970;2;
2026;117383;FOB    ;FOB    ;21/08/2026 09:37; ; ;25/08/2026 00:00;25/08/2027 00:00;Individual;Vigente;6617387;EQUIPAMENTOS E ARTIGOS DE USO MEDICO, O.;INSUMOS DE USO ODONTOLOGICO COM NOTIFIC.;RESINA ACRILICA AUTO,COR 62,PO FRASCO C/78G;CLASSICO;CLASSICO;20,00;20,00;100,00;73,500;38,970;2;
2026;117383;FOB    ;FOB    ;21/08/2026 09:37; ; ;25/08/2026 00:00;25/08/2027 00:00;Individual;Vigente;6617395;EQUIPAMENTOS E ARTIGOS DE USO MEDICO, O.;INSUMOS DE USO ODONTOLOGICO COM NOTIFIC.;RESINA ACRILICA AUTO,PO C/78G,COR 66;CLASSICO;CLASSICO;20,00;20,00;100,00;73,500;38,970;2;
2026;117383;FOB    ;FOB    ;21/08/2026 09:37; ; ;25/08/2026 00:00;25/08/2027 00:00;Individual;Vigente;6617409;EQUIPAMENTOS E ARTIGOS DE USO MEDICO, O.;INSUMOS DE USO ODONTOLOGICO COM NOTIFIC.;RESINA ACRILICA,AUTO,CONJ:LIQ 30ML+PO 25G COR VERMELHA;RELIANCE;RELIANCE;60,00;60,00;100,00;318,000;269,800;2;
2026;117383;FOB    ;FOB    ;21/08/2026 09:37; ; ;25/08/2026 00:00;25/08/2027 00:00;Individual;Vigente;6617506;EQUIPAMENTOS E ARTIGOS DE USO MEDICO, O.;INSUMOS DE USO ODONTOLOGICO COM NOTIFIC.;RESINA ACRILICA TERMOPOLIMERIZAVEL,PO,INCOLOR,FRASCO C/440G.;CLASSICO;CLASSICO;50,00;50,00;100,00;123,590;111,340;2;
2026;117383;FOB    ;FOB    ;21/08/2026 09:37; ; ;25/08/2026 00:00;25/08/2027 00:00;Individual;Vigente;6617620;EQUIPAMENTOS E ARTIGOS DE USO MEDICO, O.;INSUMOS DE USO ODONTOLOGICO COM NOTIFIC.;RESINA ACRILICA TERMO POLIMERIZAVEL,LIQUIDO FRASCO C/250ML;CLASSICO;CLASSICO;50,00;50,00;100,00;109,000;54,630;2;
2026;117383;FOB    ;FOB    ;21/08/2026 09:37; ; ;25/08/2026 00:00;25/08/2027 00:00;Individual;Vigente;7982291;EQUIPAMENTOS E ARTIGOS DE USO MEDICO, O.;INSUMOS DE USO ODONTOLOGICO COM NOTIFIC.;TESTE DE VITALIDADE PULPAR, A BASE DE AGUA SPRAY COM 200 ML SEM CFC;IODONTOSUL;IODONTOSUL;100,00;100,00;100,00;62,360;31,080;2;
2026;117383;FOB    ;FOB    ;21/08/2026 09:37; ; ;25/08/2026 00:00;25/08/2027 00:00;Individual;Vigente;8041865;EQUIPAMENTOS E ARTIGOS DE USO MEDICO, O.;INSUMOS DE USO ODONTOLOGICO COM NOTIFIC.;FIO PARA RETRACAO GENGIVAL, COMPOSTO POR CORDAO TRANCADO, NUMERO 0;ULTRADENT;ULTRADENT;25,00;25,00;100,00;112,900;90,330;2;
2026;117383;FOB    ;FOB    ;21/08/2026 09:37; ; ;25/08/2026 00:00;25/08/2027 00:00;Individual;Vigente;8108986;EQUIPAMENTOS E ARTIGOS DE USO MEDICO, O.;INSUMOS DE USO ODONTOLOGICO COM NOTIFIC.;" TIPO II, COMUM REFORCADO; COMPOSTO POR SULFATO DE CALCIO E PIGMENTO; NA COR BRANCA; ATOXICO; EMBALA";RIO;RIO;250,00;250,00;100,00;8,190;5,980;2;
2026;117383;FOB    ;FOB    ;21/08/2026 09:37; ; ;25/08/2026 00:00;25/08/2027 00:00;Individual;Vigente;8324670;EQUIPAMENTOS E ARTIGOS DE USO MEDICO, O.;INSUMOS DE USO ODONTOLOGICO COM NOTIFIC.;RESINA ACRILICA AUTO,COR 81,PO FRASCO C/78G;CLASSICO;CLASSICO;20,00;20,00;100,00;73,500;38,970;2;
2026;117383;FOB    ;FOB    ;21/08/2026 09:37; ; ;25/08/2026 00:00;25/08/2027 00:00;Individual;Vigente;8332231;EQUIPAMENTOS E ARTIGOS DE USO MEDICO, O.;INSUMOS DE USO ODONTOLOGICO COM NOTIFIC.;PASTA PROFILAT.ODONTOL.,C/PEDRA POMES MICROGRANULADA,AROMA ARTIFICIAL;ALLPLAN;ALLPLAN;75,00;75,00;100,00;19,300;19,300;2;
2026;117383;FOB    ;FOB    ;21/08/2026 09:37; ; ;25/08/2026 00:00;25/08/2027 00:00;Individual;Vigente;8350477;EQUIPAMENTOS E ARTIGOS DE USO MEDICO, O.;INSUMOS DE USO ODONTOLOGICO COM NOTIFIC.;GODIVA,MARROM,CAIXA COM 4 PLACAS;LYSANDA;LYSANDA;25,00;25,00;100,00;57,900;44,460;2;
2026;117383;FOB    ;FOB    ;21/08/2026 09:37; ; ;25/08/2026 00:00;25/08/2027 00:00;Individual;Vigente;8373507;EQUIPAMENTOS E ARTIGOS DE USO MEDICO, O.;INSUMOS DE USO ODONTOLOGICO COM NOTIFIC.;cim.endodontico mta bioceramico,pasta base 18g+pasta catal.12g+bloco;ANGELUS;ANGELUS;20,00;20,00;100,00;159,950;141,090;2;
2026;117383;FOB    ;FOB    ;21/08/2026 09:37; ; ;25/08/2026 00:00;25/08/2027 00:00;Individual;Vigente;8384550;EQUIPAMENTOS E ARTIGOS DE USO MEDICO, O.;INSUMOS DE USO ODONTOLOGICO COM NOTIFIC.;OLEO MINERAL P/LUBRIFICAçãO DE CANETA DE ALTA ROTAçãO,FR.100 ML;MAQUIRA;MAQUIRA;80,00;80,00;100,00;50,000;20,130;2;
2026;117383;FOB    ;FOB    ;21/08/2026 09:37; ; ;25/08/2026 00:00;25/08/2027 00:00;Individual;Vigente;8389241;EQUIPAMENTOS E ARTIGOS DE USO MEDICO, O.;INSUMOS DE USO ODONTOLOGICO COM NOTIFIC.;CARBONO P/ODONTOLOGIA,KIT:CARBONO LIQ.10ML+SOLVENTE 20ML; KOTA; KOTA;10,00;10,00;100,00;61,980;61,980;2;
2026;117383;FOB    ;FOB    ;21/08/2026 09:37; ; ;25/08/2026 00:00;25/08/2027 00:00;Individual;Vigente;8395470;EQUIPAMENTOS E ARTIGOS DE USO MEDICO, O.;INSUMOS DE USO ODONTOLOGICO COM NOTIFIC.;APLICADOR DESCARTAVEL,REGULAR,HASTE MULTIARTICULADA,FIBRAS NAO ABSORV.; KG SORENSEN; KG SORENSEN;60,00;60,00;100,00;14,360;14,360;2;
2026;117383;FOB    ;FOB    ;21/08/2026 09:37; ; ;25/08/2026 00:00;25/08/2027 00:00;Individual;Vigente;8404259;EQUIPAMENTOS E ARTIGOS DE USO MEDICO, O.;INSUMOS DE USO ODONTOLOGICO SEM NOTIFIC.;PROD.E MAT.P/LABO.PROTESE,ANTI BOLHA;KOTA;KOTA;20,00;20,00;100,00;21,390;21,390;2;
2026;117383;FOB    ;FOB    ;21/08/2026 09:37; ; ;25/08/2026 00:00;25/08/2027 00:00;Individual;Vigente;8415412;EQUIPAMENTOS E ARTIGOS DE USO MEDICO, O.;INSUMOS DE USO ODONTOLOGICO COM NOTIFIC.;APLICADOR DESCART.EXTRA FINO,HASTE MULTIARTICULADA,FIBRAS NAO ABSORV.;KG SORENSEN;KG SORENSEN;30,00;30,00;100,00;14,860;14,290;2;
2026;117383;FOB    ;FOB    ;21/08/2026 09:37; ; ;25/08/2026 00:00;25/08/2027 00:00;Individual;Vigente;8421510;EQUIPAMENTOS E ARTIGOS DE USO MEDICO, O.;INSUMOS DE USO ODONTOLOGICO COM NOTIFIC.;VERNIZ ODONTOLOGICO A BASE DE NITROCELULOSE 8 %,FR.VIDRO 15ML;CAVITAF;CAVITAF;20,00;20,00;100,00;21,680;21,680;2;
2026;117383;FOB    ;FOB    ;21/08/2026 09:37; ; ;25/08/2026 00:00;25/08/2027 00:00;Individual;Vigente;8474770;EQUIPAMENTOS E ARTIGOS DE USO MEDICO, O.;INSUMOS DE USO ODONTOLOGICO COM NOTIFIC.;HEMOSTATICO LOCAL USO ODONTOLOGICO, ESPONJA COLAGENO LIOFILIZADO 1X1X;MAQUIRA;MAQUIRA;70,00;70,00;100,00;105,000;44,000;2;
2026;117383;FOB    ;FOB    ;21/08/2026 09:37; ; ;25/08/2026 00:00;25/08/2027 00:00;Individual;Vigente;8503443;EQUIPAMENTOS E ARTIGOS DE USO MEDICO, O.;INSUMOS DE USO ODONTOLOGICO COM NOTIFIC.;ANTISS.BUCAL,DIGLUC.CLOREX.0,12%,S/ALCOOL,FRASCO 2L C/VALVULA DOSADORA;PERIOPLAK;PERIOPLAK;150,00;150,00;100,00;75,420;40,790;2;
2026;117383;FOB    ;FOB    ;21/08/2026 09:37; ; ;25/08/2026 00:00;25/08/2027 00:00;Individual;Vigente;8547530;EQUIPAMENTOS E ARTIGOS DE USO MEDICO, O.;INSUMOS DE USO ODONTOLOGICO COM NOTIFIC.;CIMENTO RESINOSO USO ODONTOLOGICO, COR A1, CLICKER COM 4,5 G;3M SOLVENTUM;3M SOLVENTUM;20,00;20,00;100,00;785,900;461,900;2;
2026;117383;FOB    ;FOB    ;21/08/2026 09:37; ; ;25/08/2026 00:00;25/08/2027 00:00;Individual;Vigente;8659443;EQUIPAMENTOS E ARTIGOS DE USO MEDICO, O.;INSUMOS DE USO ODONTOLOGICO COM NOTIFIC.;DISCO DE LIXA OX.DE ALUMINIO,1/2POLEGADA,GRAN.MEDIA,CX 30UN.S/MANDRIL;TDV;TDV;20,00;20,00;100,00;135,890;99,430;2;
2026;117383;FOB    ;FOB    ;21/08/2026 09:37; ; ;25/08/2026 00:00;25/08/2027 00:00;Individual;Vigente;8698007;EQUIPAMENTOS E ARTIGOS DE USO MEDICO, O.;INSUMOS DE USO ODONTOLOGICO COM NOTIFIC.;CARBONO P/ODONTO ALTA DEFINICAO,ROLO C/280 FLS(10CM X 0,02MM)VERM/AZU; ANGELUS; ANGELUS;30,00;30,00;100,00;275,500;148,000;2;
2026;117383;FOB    ;FOB    ;21/08/2026 09:37; ; ;25/08/2026 00:00;25/08/2027 00:00;Individual;Vigente;8715483;EQUIPAMENTOS E ARTIGOS DE USO MEDICO, O.;INSUMOS DE USO ODONTOLOGICO COM NOTIFIC.;PONTA P/SUGADOR,PLASTICO,RIGIDO,ESTERIL,DESCARTAVEL,P/CIRURGIA;MAQUIRA;MAQUIRA;100,00;100,00;100,00;42,260;22,740;2;
2026;117383;FOB    ;FOB    ;21/08/2026 09:37; ; ;25/08/2026 00:00;25/08/2027 00:00;Individual;Vigente;8718725;EQUIPAMENTOS E ARTIGOS DE USO MEDICO, O.;INSUMOS DE USO ODONTOLOGICO COM NOTIFIC.;CERA UTILIDADE,EM LAMINAS,CAIXA COM 225G APROX.;LYSANDA;LYSANDA;100,00;100,00;100,00;26,500;19,630;2;
2026;117383;FOB    ;FOB    ;21/08/2026 09:37; ; ;25/08/2026 00:00;25/08/2027 00:00;Individual;Vigente;8720207;EQUIPAMENTOS E ARTIGOS DE USO MEDICO, O.;INSUMOS DE USO ODONTOLOGICO COM NOTIFIC.;ABRASIVO,PO,GRAN.NORMAL,PEDRA POMES,P/POLIM.DE PROTESE,PACOTE C/1 KG;RIO;RIO;20,00;20,00;100,00;10,550;5,720;2;
2026;117383;FOB    ;FOB    ;21/08/2026 09:37; ; ;25/08/2026 00:00;25/08/2027 00:00;Individual;Vigente;8720720;EQUIPAMENTOS E ARTIGOS DE USO MEDICO, O.;INSUMOS DE USO ODONTOLOGICO COM NOTIFIC.;ALGINATO,TIPO II,PRESA REGULAR,CONSIS.MEDIA,MENTA,LIVRE DE POEIRA;DENTSPLY;DENTSPLY;300,00;300,00;100,00;78,770;46,100;2;
2026;117383;FOB    ;FOB    ;21/08/2026 09:37; ; ;25/08/2026 00:00;25/08/2027 00:00;Individual;Vigente;8725438;EQUIPAMENTOS E ARTIGOS DE USO MEDICO, O.;INSUMOS DE USO ODONTOLOGICO COM NOTIFIC.;gesso pedra,tipo iv,microgranulado+corante,atoxico;VIGODENTE;VIGODENTE;150,00;150,00;100,00;47,510;23,880;2;
2026;117383;FOB    ;FOB    ;21/08/2026 09:37; ; ;25/08/2026 00:00;25/08/2027 00:00;Individual;Vigente;8727708;EQUIPAMENTOS E ARTIGOS DE USO MEDICO, O.;INSUMOS DE USO ODONTOLOGICO COM NOTIFIC.;TIRA DE LIXA,ACO INOX,4MM LARG.,PACOTE C/12UNI;MAQUIRA;MAQUIRA;25,00;25,00;100,00;26,300;7,490;2;
2026;117383;FOB    ;FOB    ;21/08/2026 09:37; ; ;25/08/2026 00:00;25/08/2027 00:00;Individual;Vigente;8737231;EQUIPAMENTOS E ARTIGOS DE USO MEDICO, O.;INSUMOS DE USO ODONTOLOGICO COM NOTIFIC.;CIMENTO CIRURGICO ODONTO.,PERIODONTAL,REPOSICAO COE PAK,PASTA/PASTA;MAQUIRA;MAQUIRA;20,00;20,00;100,00;305,450;124,690;2;
2026;117383;FOB    ;FOB    ;21/08/2026 09:37; ; ;25/08/2026 00:00;25/08/2027 00:00;Individual;Vigente;8870551;EQUIPAMENTOS E ARTIGOS DE USO MEDICO, O.;INSUMOS DE USO ODONTOLOGICO COM NOTIFIC.;FIO P/RETRACAO GENG.,CORDAO TRANCADO,NAO IMPREGNADO,N.000,240CM APROX;ULTRADENT;ULTRADENT;25,00;25,00;100,00;112,900;90,330;2;
2026;117383;FOB    ;FOB    ;21/08/2026 09:37; ; ;25/08/2026 00:00;25/08/2027 00:00;Individual;Vigente;8901716;EQUIPAMENTOS E ARTIGOS DE USO MEDICO, O.;INSUMOS DE USO ODONTOLOGICO SEM NOTIFIC.;PRODUTOS E MAT. P/ LAB. PROTESE,ADESIVO P/MOLDEIRA,REP..UNIVERSAL TRA;ZHERMACK;ZHERMACK;25,00;20,00;100,00;109,900;83,340;2;
2026;117383;FOB    ;FOB    ;21/08/2026 09:37; ; ;25/08/2026 00:00;25/08/2027 00:00;Individual;Vigente;8939470;EQUIPAMENTOS E ARTIGOS DE USO MEDICO, O.;INSUMOS DE USO ODONTOLOGICO COM NOTIFIC.;CIMENTO ENDODONTICO PO E RESINA HIDROXIDO DE CALCIO TRIOXIDO DE BISMU;DENTSPLY;DENTSPLY;30,00;30,00;100,00;148,900;105,770;2;
2026;117383;FOB    ;FOB    ;21/08/2026 09:37; ; ;25/08/2026 00:00;25/08/2027 00:00;Individual;Vigente;8976996;EQUIPAMENTOS E ARTIGOS DE USO MEDICO, O.;INSUMOS DE USO ODONTOLOGICO COM NOTIFIC.;CIMENTO PROV. ODONT.,REPOSIÇÃO TEMP BOND NE,EM KIT PASTA 50G/BASE 15G;KERR;KERR;50,00;50,00;100,00;176,570;85,880;2;
2026;117383;FOB    ;FOB    ;21/08/2026 09:37; ; ;25/08/2026 00:00;25/08/2027 00:00;Individual;Vigente;8977062;EQUIPAMENTOS E ARTIGOS DE USO MEDICO, O.;INSUMOS DE USO ODONTOLOGICO COM NOTIFIC.;CIMENTO PROVISORIO ODONTOL, REPOSIÇÃO IRM, EM KIT 38G PÓ/15 ML LIQ;DENTSPLY;DENTSPLY;60,00;60,00;100,00;188,990;104,910;2;
2026;117383;FOB    ;FOB    ;21/08/2026 09:37; ; ;25/08/2026 00:00;25/08/2027 00:00;Individual;Vigente;8979820;EQUIPAMENTOS E ARTIGOS DE USO MEDICO, O.;INSUMOS DE USO ODONTOLOGICO COM NOTIFIC.;PONTA P/SUGADOR ODONTO.,PVC ATOXICO,COMP.10 CM,CORES SORTIDAS,40 UNID;SS PLUS;SS PLUS;300,00;300,00;100,00;11,450;7,670;2;
2026;117383;FOB    ;FOB    ;21/08/2026 09:37; ; ;25/08/2026 00:00;25/08/2027 00:00;Individual;Vigente;8979880;EQUIPAMENTOS E ARTIGOS DE USO MEDICO, O.;INSUMOS DE USO ODONTOLOGICO COM NOTIFIC.;VERNIZ FLUORETADO, REPOSIÇÃO DO DURAPHAT,BISNAGA 10 ML;VOCO;VOCO;30,00;30,00;100,00;270,110;270,110;2;
2026;117383;FOB    ;FOB    ;21/08/2026 09:37; ; ;25/08/2026 00:00;25/08/2027 00:00;Individual;Vigente;8996440;EQUIPAMENTOS E ARTIGOS DE USO MEDICO, O.;INSUMOS DE USO ODONTOLOGICO COM NOTIFIC.;CERA ODONTOLOGICA ROSA NUMERO 7 EM LAMINAS DE 13,6X6,9 CM;LYSANDA;LYSANDA;50,00;50,00;100,00;28,200;19,630;2;
2026;117383;FOB    ;FOB    ;21/08/2026 09:37; ; ;25/08/2026 00:00;25/08/2027 00:00;Individual;Vigente;9186360;EQUIPAMENTOS E ARTIGOS DE USO MEDICO, O.;INSUMOS DE USO ODONTOLOGICO COM NOTIFIC.;PINO P/USO ODONTOL.,FIBRA DE VIDRO,DIA 1,3MM,NUMERO 2,APICE CONICO;ANGELUS;ANGELUS;15,00;13,00;100,00;76,890;53,540;2;
2026;117383;FOB    ;FOB    ;21/08/2026 09:37; ; ;25/08/2026 00:00;25/08/2027 00:00;Individual;Vigente;9186379;EQUIPAMENTOS E ARTIGOS DE USO MEDICO, O.;INSUMOS DE USO ODONTOLOGICO COM NOTIFIC.;PINO P/USO ODONTOL.,FIBRA DE VIDRO,DIA 1,5MM,NUMERO 3,APICE CONICO;ANGELUS;ANGELUS;15,00;13,00;100,00;79,900;53,540;2;
2026;117383;FOB    ;FOB    ;21/08/2026 09:37; ; ;25/08/2026 00:00;25/08/2027 00:00;Individual;Vigente;9191038;EQUIPAMENTOS E ARTIGOS DE USO MEDICO, O.;INSUMOS DE USO ODONTOLOGICO COM NOTIFIC.;pino p/uso odont,fibra de vidro, conico longo com retencoes,numero 1;ANGELUS;ANGELUS;15,00;13,00;100,00;84,070;53,540;2;
2026;117383;FOB    ;FOB    ;21/08/2026 09:37; ; ;25/08/2026 00:00;25/08/2027 00:00;Individual;Vigente;9267930;EQUIPAMENTOS E ARTIGOS DE USO MEDICO, O.;INSUMOS DE USO ODONTOLOGICO COM NOTIFIC.;HIDROXIDO DE CALCIO P.A.,PURO,EMBALADO EM FRASCO;BIODINAMICA;BIODINAMICA;15,00;5,00;100,00;19,000;19,000;2;
2026;117383;FOB    ;FOB    ;21/08/2026 09:37; ; ;25/08/2026 00:00;25/08/2027 00:00;Individual;Vigente;9433422;EQUIPAMENTOS E ARTIGOS DE USO MEDICO, O.;INSUMOS DE USO ODONTOLOGICO COM NOTIFIC.;REMOVEDOR QUIMICO MECÂNICO P/ USO ODONTOLÓGICO,PAPACARIE DUO,GEL,1ML;PAPACARIE;PAPACARIE;20,00;20,00;100,00;164,900;164,900;2;
2026;117383;FOB    ;FOB    ;21/08/2026 09:37; ; ;25/08/2026 00:00;25/08/2027 00:00;Individual;Vigente;9437320;EQUIPAMENTOS E ARTIGOS DE USO MEDICO, O.;INSUMOS DE USO ODONTOLOGICO COM NOTIFIC.;AGULHA GENGIVAL DESC.,G-27 LONGA,CANULA 38,1MM COMP.TRIBISEL.ESTERIL.;DFL;DFL;20,00;20,00;100,00;83,000;83,000;2;
2026;117383;FOB    ;FOB    ;21/08/2026 09:37; ; ;25/08/2026 00:00;25/08/2027 00:00;Individual;Vigente;9514007;EQUIPAMENTOS E ARTIGOS DE USO MEDICO, O.;INSUMOS DE USO ODONTOLOGICO COM NOTIFIC.;cimento endodontico, pasta/pasta, reposição ah plus jet;DENTSPLY;DENTSPLY;20,00;20,00;100,00;327,770;404,220;2;
2026;117383;FOB    ;FOB    ;21/08/2026 09:37; ; ;25/08/2026 00:00;25/08/2027 00:00;Individual;Vigente;9694102;EQUIPAMENTOS E ARTIGOS DE USO MEDICO, O.;INSUMOS DE USO ODONTOLOGICO COM NOTIFIC.;DISCO DE LIXA ODONT, MEDIA,VIOLETA,DESCART,REPOS.SUPER SNAP L522;LABORDENTAL;LABORDENTAL;20,00;20,00;100,00;69,140;3,980;2;
2026;117383;FOB    ;FOB    ;21/08/2026 09:37; ; ;25/08/2026 00:00;25/08/2027 00:00;Individual;Vigente;10176187;EQUIPAMENTOS E ARTIGOS DE USO MEDICO, O.;INSUMOS DE USO ODONTOLOGICO COM NOTIFIC.;CUNHA INTERDENTAL,MADEIRA ANATOMICA,5 TAMANHOS CODIF.POR CORES;TDV;TDV;20,00;20,00;100,00;30,430;30,430;2;
2026;117383;FOB    ;FOB    ;21/08/2026 09:37; ; ;25/08/2026 00:00;25/08/2027 00:00;Individual;Vigente;10176713;EQUIPAMENTOS E ARTIGOS DE USO MEDICO, O.;INSUMOS DE USO ODONTOLOGICO COM NOTIFIC.;dessensibiliz.dentina,gel,oxalato pot 5%+fluoreto de sodio,ser.3g;FGM;FGM;60,00;60,00;100,00;70,130;55,000;2;
2026;117383;FOB    ;FOB    ;21/08/2026 09:37; ; ;25/08/2026 00:00;25/08/2027 00:00;Individual;Vigente;10176969;EQUIPAMENTOS E ARTIGOS DE USO MEDICO, O.;INSUMOS DE USO ODONTOLOGICO COM NOTIFIC.;CARBONO P/ODONTO,DE PAPEL,BLOCO C/12 FLS.DUPLAS AZUL E VERMELHA; IODONTOSUL; IODONTOSUL;30,00;30,00;100,00;9,800;2,890;2;
2026;117383;FOB    ;FOB    ;21/08/2026 09:37; ; ;25/08/2026 00:00;25/08/2027 00:00;Individual;Vigente;10176993;EQUIPAMENTOS E ARTIGOS DE USO MEDICO, O.;INSUMOS DE USO ODONTOLOGICO COM NOTIFIC.;PARAMONOCLOROFENOL CANFORADO TRATAMENTO ENDODONTICO;BIODINAMICA;BIODINAMICA;20,00;10,00;100,00;28,950;28,950;2;
2026;117383;FOB    ;FOB    ;21/08/2026 09:37; ; ;25/08/2026 00:00;25/08/2027 00:00;Individual;Vigente;10177892;EQUIPAMENTOS E ARTIGOS DE USO MEDICO, O.;INSUMOS DE USO ODONTOLOGICO COM NOTIFIC.;FLUORETO DE SODIO, ESPUMA FLUORETADA AROMATIZADA,USO MOLDEIRA;FGM;FGM;20,00;20,00;100,00;71,000;44,000;2;
2026;45110;FMBRU  ;FOB    ;06/04/2026 11:36;24/04/2026 12:14;30/04/2026 23:59;21/08/2026 00:00;20/08/2027 00:00;Setorizada;Vigente;9952160;MOBILIARIOS EM GERAL;MOBILIARIOS DE HOTELARIA E ALOJAMENTOS;MESA TAMPO DOBRAVEL MDP BRANCA 150 X 60 CM; Marzo Vitorino; Smart;10,00;10,00;7,69;1193,500;985,000;0;
2026;118690;FOB    ;FOB    ;25/08/2026 07:49; ; ;25/08/2026 00:00;25/08/2027 00:00;Setorizada;Vigente;5654670;EQUIPAMENTOS E ARTIGOS DE USO MEDICO, O.;MEDICAMENTOS COM OU SEM NOTIFICACAO/REG.;GERAIS AGUA PARA INJECAO, LIQ. ESTERIL, A 10ML, IV;Farmarin;Farmarin;1.000,00;1.000,00;55,56;0,695;0,390;0;
2026;118690;FOB    ;FOB    ;25/08/2026 07:49; ; ;25/08/2026 00:00;25/08/2027 00:00;Setorizada;Vigente;5686822;EQUIPAMENTOS E ARTIGOS DE USO MEDICO, O.;MATERIAIS DE USO TECNICO HOSPITALAR COM.;FIO SUTURA NYLON,INC.,5-0,45 CM,AG.1/2 CIRC.CORT.,1,5 CM, EST.;BIOLINE;BIOLINE;15,00;15,00;60,00;263,080;228,000;0;
2026;118690;FOB    ;FOB    ;25/08/2026 07:49; ; ;25/08/2026 00:00;25/08/2027 00:00;Setorizada;Vigente;5690439;EQUIPAMENTOS E ARTIGOS DE USO MEDICO, O.;MATERIAIS DE USO TECNICO HOSPITALAR COM.;FIO P/SUTURA POLIAMIDA,45CM,PRETO,6-0,C/AG.1/2CIRC.TRIANG,1,5CM.ESTER.;BIOLINE;BIOLINE;15,00;15,00;75,00;231,740;92,640;0;
2026;118690;FOB    ;FOB    ;25/08/2026 07:49; ; ;25/08/2026 00:00;25/08/2027 00:00;Setorizada;Vigente;5782899;EQUIPAMENTOS E ARTIGOS DE USO MEDICO, O.;MATERIAIS DE USO TECNICO HOSPITALAR COM.;FIO DE SUTURA NYLON 4-0 2AG. 1/2 C.C. 1.5CM 75CM;BIOLINE;BIOLINE;15,00;15,00;93,75;233,145;71,040;0;
2026;118690;FOB    ;FOB    ;25/08/2026 07:49; ; ;25/08/2026 00:00;25/08/2027 00:00;Setorizada;Vigente;6036627;EQUIPAMENTOS E ARTIGOS DE USO MEDICO, O.;MATERIAIS DE USO TECNICO HOSPITALAR COM.;FIO DE SUTURA NYLON NAO ABSORVIVEL MEDINDO 45 CM DE COMPRIMENTO;BIOLINE;BIOLINE;15,00;15,00;100,00;239,490;76,560;0;
2026;118690;FOB    ;FOB    ;25/08/2026 07:49; ; ;25/08/2026 00:00;25/08/2027 00:00;Setorizada;Vigente;8395306;EQUIPAMENTOS E ARTIGOS DE USO MEDICO, O.;REAGENTES QUIMICOS E BIOLOGICOS,COM REG.;CLORETO DE SODIO CATEGORIA P.A. COM TEOR DE NO MINIMO 99,5%;Farmarin;Farmarin;1.000,00;1.000,00;100,00;0,560;0,350;0;
2026;118690;FOB    ;FOB    ;25/08/2026 07:49; ; ;25/08/2026 00:00;25/08/2027 00:00;Setorizada;Vigente;8702446;EQUIPAMENTOS E ARTIGOS DE USO MEDICO, O.;TIRAS REAGENTES,COM REGISTRO NA ANVISA.;TIRA REAGENTE PARA DETECCAO DE GLICOSE NO SANGUE ACCU CHEK PERFORMA;CEPALAB/Medsign;CEPALAB/Medsign;100,00;100,00;71,43;80,000;20,000;0;
2026;118690;FOB    ;FOB    ;25/08/2026 07:49; ; ;25/08/2026 00:00;25/08/2027 00:00;Setorizada;Vigente;8709009;EQUIPAMENTOS E ARTIGOS DE USO MEDICO, O.;MATERIAIS DE USO TECNICO HOSPITALAR COM.;LANCETA PARA PUNCAO DIGITAL 28 G;Medlevensohn;Medlevensohn;50,00;50,00;71,43;84,950;17,500;0;
2026;118690;FOB    ;FOB    ;25/08/2026 07:49; ; ;25/08/2026 00:00;25/08/2027 00:00;Setorizada;Vigente;8709467;EQUIPAMENTOS E ARTIGOS DE USO MEDICO, O.;SOLUCOES ANTI-SEPTICAS COM NOTIFICACAO/.;AGUA OXIGENADA;Rioquímica;Rioquímica;60,00;60,00;83,33;12,350;5,800;0;
2026;118690;FOB    ;FOB    ;25/08/2026 07:49; ; ;25/08/2026 00:00;25/08/2027 00:00;Setorizada;Vigente;9303448;EQUIPAMENTOS E ARTIGOS DE USO MEDICO, O.;EQUIPAMENTOS MEDICO HOSPITALARES COM NO.;GLICOSIMETRO PORTATIL VISOR LCD 3 BOTOES;CEPALAB/Medisign;CEPALAB/Medisign;25,00;25,00;83,33;194,495;55,000;0;
2026;87433;FFLCH  ;FOB    ;25/06/2026 10:32;26/06/2026 10:22;04/07/2026 23:59;28/08/2026 00:00;27/08/2027 00:00;Setorizada;Vigente;10122583;EQUIPAMENTOS PARA PURIFICACAO E FILTRAG.;EQUIPAMENTOS PARA PURIFICACAO DE AGUA;EQUIPAMENTO MELHORIA DA QUALIDADE DA AGUA PURIFICADOR DUPLA FILTRAGEM;Latina;PA355 Compressor;25,00;25,00;15,82;861,820;686,550;0;
